date,gp_log_678fa802,gp_ts_mean_36a2fb67,gp_delta_9e7e6de3,gp_390d175a,gp_acb1788a,gp_1aa5045b,close
2020-01-01,106.45744712045168,4.6149375744139824,0.0,0.0,0.0,3.819892607540533e-06,101.02342830602247
2020-01-02,107.04224286826003,4.624243014637464,0.0,0.006813647056314046,101.60092017140416,2.2626839445494004e-08,101.6175294940543
2020-01-03,106.12912323416127,4.613711362395483,0.0,-0.010089424861985196,0.0,5.394464022922533e-08,100.69387820771355
2020-01-06,100.95010592972797,4.561582988374054,0.0,-0.3857981543979734,0.0,4.108577561859802e-07,95.46273252925883
2020-01-07,99.27021042990934,4.536468118919288,0.0,-0.04965496503871186,0.0,1.656540576935299e-07,93.75772215998543
2020-01-08,104.04213720956602,4.59210400962759,0.0,0.24329227333617004,101.60092017140416,2.5877940558632865e-07,98.58528483035042
2020-01-09,102.89511025455046,4.5782646363383925,0.0,-0.019202842737760826,0.0,1.3824180656568623e-07,97.43057768928405
2020-01-10,101.67052003572412,4.568696366619278,0.0,-0.013257400962881211,0.0,3.291668458032735e-08,96.41993263775946
2020-01-13,102.10363078805732,4.567283869294199,0.0,0.003632633741741843,101.60092017140416,1.6040225924191437e-08,96.85163089276757
2020-01-14,102.54299579389694,4.580483902431713,0.0,0.0051656930957083985,101.60092017140416,7.678239554541939e-08,97.3041959317447
2020-01-15,102.35268629432052,4.574923398214147,0.0,-0.0007765142438450204,0.0,8.923026173226923e-09,97.10832592795073
2020-01-16,99.79508189151748,4.54618718682362,0.0,-0.0774443387278211,0.0,5.438237230949092e-08,94.52198531375716
2020-01-17,98.54567408453514,4.537338954234672,0.0,-0.02864414096324033,0.0,5.122338405444666e-08,93.27066168192171
2020-01-20,100.22350231430231,4.555791286827652,0.0,0.03206875324738288,101.60092017140416,1.487263785137281e-07,94.96694224428187
2020-01-21,100.87361257207604,4.563352614882087,0.0,0.006364885173635186,101.60092017140416,4.556692578951614e-08,95.62461383011004
2020-01-22,103.08428271393255,4.581345317808026,0.0,0.07800943374208205,101.60092017140416,1.0278557404044576e-07,97.90949961208054
2020-01-23,103.85049654723746,4.58961083540417,0.0,0.010432819666941803,101.60092017140416,3.269254465010238e-08,98.64702450704648
2020-01-24,110.55720792564195,4.654332892775819,0.0,0.5350851051438099,105.22588014049515,5.101453898612852e-07,105.32995843792922
2020-01-27,110.80919646652698,4.658239321116241,0.0,0.0010650598793431885,105.22588014049515,1.1179058873382594e-08,105.54493070705401
2020-01-28,110.00135611971143,4.6441988312122,0.0,-0.014067031867071403,0.0,1.4342268355859852e-07,104.44849523483254
2020-01-29,108.35678016559064,4.6311905293198095,0.0,-0.04405655340697849,0.0,7.037739778118036e-08,102.79091097881935
2020-01-30,108.90832590448532,4.639067609740927,0.0,0.004661187852116585,105.22588014049515,2.7901311437909287e-08,103.35033379813517
2020-01-31,107.50394548055063,4.623304701890298,0.0,-0.026986281572055584,0.0,4.072952603008554e-08,101.93019046634984
2020-02-03,102.17390177790517,4.57107545667898,0.0,-0.32030525942889726,0.0,1.8621466484711906e-07,96.54791751849307
2020-02-04,101.82807676803802,4.568320855703526,0.0,-0.002230503432949302,0.0,3.457049724359036e-08,96.26544590201178
2020-02-05,101.82755596855097,4.562005259598076,0.0,-2.0163208764974657e-05,0.0,4.2598587976068504e-08,96.25860950641929
2020-02-06,101.91862106698268,4.575904448082428,0.0,0.00027503137320942725,105.22588014049515,3.931695115032329e-09,96.40344061445526
2020-02-07,100.59923465545276,4.556019286618946,0.0,-0.023488886626893378,0.0,1.1741053128502987e-07,95.32428274730482
2020-02-10,102.76666539366933,4.582430254006809,0.0,0.05865426068399926,105.22588014049515,9.764729132573065e-08,97.53165533414702
2020-02-11,105.4760890760137,4.612353462436722,0.0,0.10501532200352928,105.22588014049515,6.95285132205897e-08,100.30195482207978
2020-02-12,103.64515381841753,4.586781273350252,-2.803611326050955,-0.056004023930234785,0.0,6.63545797748148e-08,98.34499081386866
2020-02-13,103.7130899954773,4.58786716204124,-3.6410063254720058,0.00021697014087982184,105.22588014049515,3.482472011158837e-08,98.39248032306908
2020-02-14,101.94583695746711,4.575349326640303,-3.7958360958892996,-0.0362238241077999,0.0,8.183432179010162e-08,96.61270944965796
2020-02-17,101.29532911634242,4.565518910156837,0.37754761813000925,-0.009086825680519692,0.0,4.121907112698734e-08,95.9523711920498
2020-02-18,98.27275939323212,4.53203778447243,-0.41270326441910754,-0.15791081193855347,0.0,7.997971427741817e-08,92.8963203432551
2020-02-19,95.65104005168808,4.506134989487466,-8.13079859352834,-0.11467355645146887,0.0,6.704615588687217e-08,90.24869820672609
2020-02-20,96.07100390567791,4.508903787111945,-6.523114566727429,0.004886249613244566,105.22588014049515,7.157521634364282e-08,90.72790588926425
2020-02-21,96.45421533502382,4.515218119300623,-5.020834242391274,0.002132575163311237,105.22588014049515,1.2152444186606504e-08,91.16573747740979
2020-02-24,99.68489915114662,4.551024913132928,-1.5527911170859312,0.1775442552537308,105.22588014049515,9.606020164235984e-08,94.59498138415432
2020-02-25,98.23103342664378,4.531374319787945,-4.675464431097055,-0.03199800682510326,0.0,4.3189637953267904e-08,93.20220380472469
2020-02-26,99.84321760417048,4.557048231171772,-1.7188514095970646,0.027645756601232852,105.22588014049515,8.493091107629029e-08,94.76252083729712
2020-02-27,101.52563044206771,4.568370557918178,2.114645224676778,0.04463946018902542,105.22588014049515,7.808812771887498e-08,96.45625600194074
2020-02-28,101.164687189087,4.5722113464720895,3.316022437896109,-0.005025265938413091,0.0,5.408555616417406e-08,95.97463673355206
2020-03-02,101.31942510764765,4.564811008034715,0.8623989326686967,0.0006808062107485572,105.22588014049515,1.2338594026501937e-08,96.08400955332336
2020-03-03,100.92045266286055,5.4794304527577244,-0.01610745243480949,-0.004311846329176494,0.0,4.0739115455908885e-08,95.68341074818812
2020-03-04,100.09189411178457,5.535261996855078,-2.5783163787382506,-0.014068897096938884,0.0,7.609513468011668e-08,94.84625317890304
2020-03-05,100.52796902053495,4.553084385876615,-3.5313652928685144,0.00517149423434273,105.22588014049515,3.536977141926612e-08,95.28082684405257
2020-03-06,100.99044102991931,4.559305858243988,-9.521969894365157,0.00575571492035008,105.22176955088946,3.9566272607721145e-08,95.74952032580428
2020-03-09,101.68482034742952,4.570844648909816,-8.82456447836671,0.009626040299500494,104.20487892273955,5.7159221733066825e-08,96.4634045445417
2020-03-10,103.42626876282682,4.585585516034692,-5.919440471448567,0.052499539168642,102.63808478215923,5.323255240925883e-08,98.23856648161382
2020-03-11,104.50038976826774,4.609435938702106,-2.208696389219398,0.019487694889256,102.63808478215923,4.590834605310372e-08,99.27998897900585
2020-03-12,105.07016854908503,4.603406165289628,-3.6240954092908453,0.0036569087929974246,101.41340478607543,7.671502388719406e-08,99.77102017617193
2020-03-13,104.18144740507984,4.593671555603843,-2.9732718508928286,-0.013855434414319986,0.0,7.452283413909234e-08,98.83244715576006
2020-03-16,103.39974104160825,4.585643798210591,1.418307100637179,-0.01220498890210493,0.0,6.615674653082577e-08,98.04271303489523
2020-03-17,103.55709229992382,4.583749103126584,1.4985375949601831,0.0009395031444172371,100.12805641269748,1.7686866755003832e-08,98.19816959812678
2020-03-18,108.22281683001789,5.4786310304111385,7.713436654067522,0.3039955331390292,100.74945014719027,9.148820633683542e-08,102.91960821140718
2020-03-19,104.13114420047421,6.238962483944824,1.721365763882119,-0.20144246395558482,0.0,1.3857229346957011e-07,98.78194646204986
2020-03-20,102.60695406250098,6.8309493417688465,2.567867443581733,-0.02591952776657399,0.0,9.007891460948375e-08,97.28674522964134
2020-03-23,106.03063660970278,7.0843515969538755,3.121777018972537,0.17127520763096538,100.74945014719027,7.657388065219927e-08,100.75103719098657
2020-03-24,106.80957880190485,6.995573086456361,1.3236505761335593,0.010468558263653917,101.16134315874325,7.721776091807402e-08,101.54152230361231
2020-03-25,109.54478614254457,7.162165666580465,5.745852889661009,0.0657443723063918,103.92946248800489,2.960849674493617e-07,104.14486649453997
2020-03-26,109.13643241281082,7.4217700570644105,5.979343399214372,-0.0037146065316136425,0.0,3.026005334569767e-08,103.68164687235343
2020-03-27,108.69537453184955,7.6512053322313776,5.7408056294080865,-0.004589510664343493,0.0,2.7330624046140933e-08,103.18901772873616
2020-03-30,108.46123518874839,7.880536959005141,6.698677667314698,-0.0016209435331755492,0.0,1.601188714736555e-08,102.95495996873736
2020-03-31,106.48783412166284,8.3145909247303,8.157015603869283,-0.05797732956754815,0.0,3.980093733880053e-07,100.96482277917576
2020-04-01,107.81278771707792,8.658544690471942,11.769541835811665,0.026418622175169736,103.92946248800489,5.25778751429251e-08,102.30192556581746
2020-04-02,112.17193495235139,9.149200348084555,15.249836063180865,0.2906007279008256,105.60600210657542,1.0226983196047162e-07,106.69688457395699
2020-04-03,111.16890411087685,9.466220907436451,14.359200744988087,-0.01783229586487341,0.0,2.8310999495822913e-07,105.6908764254796
2020-04-06,110.05966973344708,9.549750736367386,10.013617160523864,-0.023196984508347365,0.0,5.376439092586733e-08,104.47677413449277
2020-04-07,110.84074482757107,9.70484225551753,12.562004759896581,0.011446884772993403,105.60600210657542,1.095359356536781e-07,105.26455808096426
2020-04-08,112.4303769824562,9.68678859733009,11.763342306375634,0.04416548620983597,106.31278447070338,1.1738180937617466e-07,106.86940807038917
2020-04-09,111.07800010998369,9.434171455153571,9.451850570670715,-0.032391751345646064,0.0,8.889555687017126e-08,105.47112290401397
2020-04-10,112.85417004288588,9.312255980384801,10.74780942556896,0.03175562924072294,106.31278447070338,5.9294185866548465e-08,107.24391602470715
2020-04-13,111.77397835672323,9.326199626486645,10.411739456906744,-0.015469313554603943,0.0,2.49201837924939e-07,106.15391440003891
2020-04-14,112.52049155926454,9.275970331578572,10.943899640277465,0.010595784088849492,106.3597030204657,4.405059608023294e-08,106.87399111902754
2020-04-15,108.75923208343663,9.034116654425244,7.870084776292586,-0.19814022179862764,0.0,1.0209159955393025e-07,103.07559307402829
2020-04-16,110.06085929447569,9.048658885170159,9.665189270096832,0.017997795718984147,106.3597030204657,1.665834444598629e-07,104.3931461577886
2020-04-17,105.76747878176438,8.679735396912712,5.075091515046367,-0.22672643155933633,0.0,3.604111702162391e-07,100.06079353553328
2020-04-20,106.62232963265338,8.416754183849013,4.120818183969462,0.012180030569417041,106.3597030204657,1.5050425678149945e-07,100.91717675340594
2020-04-21,105.61219553175931,7.909128463132781,2.073501786625556,-0.012598427000896709,0.0,1.591110121916133e-07,100.0728967763872
2020-04-22,102.77786057039432,7.154829838271543,-3.633283673203806,-0.13715589161373287,0.0,7.317630079622178e-08,97.20463874881682
2020-04-23,101.40422806490753,5.70916350292049,-3.4897956860263406,-0.02787672544918246,0.0,6.225105683282607e-08,95.94248036697233
2020-04-24,103.06597996829498,4.580571553099907,-1.2865778283822777,0.03127998735717621,106.3597030204657,2.817199931699125e-07,97.61698294229453
2020-04-27,101.75333551344859,4.567470165127833,-1.7661239318318707,-0.01941203596422523,0.0,3.700305225906279e-08,96.31410351609028
2020-04-28,102.5989774385588,4.582832667939884,-0.08966020167436284,0.021127584462062716,106.3597030204657,1.0108986366386638e-07,97.343405625812
2020-04-29,101.94639607325877,4.573031415640631,-6.651559335818774,-0.005161609397337596,0.0,1.5069888214101354e-08,96.70444110372637
2020-04-30,102.4309900286095,4.576467557419452,-1.6666635298259393,0.002452947198338882,106.3597030204657,1.0117551647694052e-08,97.16686720023796
2020-05-01,106.83673514098554,4.622444420806549,3.9708165795752848,0.2814593695374324,106.3597030204657,1.3255480147641837e-07,101.6185891760011
2020-05-04,108.64009920932344,4.639367141240133,2.605395193534349,0.03258222564373635,106.3597030204657,3.32215818860889e-08,103.42195460100722
2020-05-05,108.67044905325453,5.667549767333165,1.4812950617555174,-0.00106131360050768,0.0,4.022924810199369e-08,103.22352523517797
2020-05-06,104.36429242236058,5.349881367165822,-5.209937691340812,-0.20054798861530254,0.0,6.557543894126551e-08,98.86977221484493
2020-05-07,100.64780399999003,4.556197242679059,-9.04323547630986,-0.2096505325234264,0.0,3.1272757609406255e-07,95.1172559933896
2020-05-08,98.18685891876798,4.53413830223602,-9.659525755979573,-0.10537585136014947,0.0,4.431491174168131e-07,92.63425197172451
2020-05-11,98.08577025076421,4.526639032867547,-10.363806549481808,-0.0010905351040238133,0.0,7.804197959034333e-08,92.52566403435227
2020-05-12,94.82174021134607,4.496986623149529,-11.358507317043731,-0.16864620960571935,0.0,8.381168655945141e-08,89.38324353587636
2020-05-13,90.34408785880834,4.440252268012129,-17.544294419316444,-0.23048182095777162,0.0,6.886037114766515e-08,85.02623122746087
2020-05-14,90.26822408671687,4.443505535463254,-20.999394776367666,0.00030692191983049393,106.3597030204657,1.747037701539191e-08,85.06065613732362
2020-05-15,89.73603015997999,4.432577380183925,-21.608681057813556,-0.006900177377617948,0.0,3.3646081415517285e-08,84.55365429401625
2020-05-18,90.80743031660279,4.448434379837516,-19.2500755732554,0.02691742260236002,106.3597030204657,1.6228635388285046e-07,85.7824131581526
2020-05-19,90.96932865052936,4.463070895861026,-18.694621953470048,0.004842902526546999,106.3597030204657,2.075115382612592e-08,86.22390724973444
2020-05-20,94.54685506439263,4.502876035088976,-16.78870141953118,0.22351107300529824,106.3597030204657,3.5921553060246033e-07,89.80348918071151
2020-05-21,97.28912458884271,4.529891189779689,-13.0903068532146,0.09041584261724903,106.3597030204657,4.209363938420672e-07,92.50485927071624
2020-05-22,99.448975797374,4.543212276688249,-13.513403106729484,0.053995601803626704,106.3597030204657,4.629395128314267e-08,94.49079889259147
2020-05-25,99.98170196344472,4.546262024855403,-12.176845105005825,0.0040202830073829045,106.3597030204657,2.7267930688263898e-08,94.89736335533128
2020-05-26,96.80522483133478,4.518278320360397,-15.154641866611314,-0.18071432871272994,0.0,1.4228776199714367e-07,91.69290251872634
2020-05-27,98.87323196389434,4.536610568799149,-9.56365957775634,0.054620696076194034,103.80519981731042,1.8519862229571391e-07,93.77924189972465
2020-05-28,99.57983952068162,4.545722896596411,-10.361410980710616,0.0065685985701911314,103.05289643284226,1.7765084212981955e-08,94.4949617843092
2020-05-29,103.48208337808084,4.588155719637973,-2.279299659174825,0.17286218267775477,103.05289643284226,4.496196619162035e-07,98.40722822314254
2020-06-01,102.52389013711878,4.576374188926698,-3.585042632883571,-0.01147254377129019,0.0,9.578206922278615e-08,97.39312674224475
2020-06-02,99.80449355108087,4.549388550448584,-5.559525110863845,-0.10744920154622993,0.0,7.943952007737181e-08,94.6289367002513
2020-06-03,98.5211692635716,4.5368159029002975,-3.401248773849602,-0.032131069795206385,0.0,2.626833473896789e-07,93.33303976519375
2020-06-04,100.12368467992412,4.551490027121858,-1.560439468487175,0.0440778740350285,103.05289643284226,1.5295740988383149e-07,94.95022930576783
2020-06-05,99.64012681428592,4.541208527242008,-3.766048341234921,-0.003966597046611132,0.0,2.7937488423316445e-08,94.45638994024978
2020-06-08,101.25572995821456,4.562349660969022,-0.4918451387225673,0.047899354166621694,103.05289643284226,8.280645753422357e-08,96.09313421790543
2020-06-09,101.0011873782068,4.560186225579759,-2.1897301264607876,-0.0010309484052920782,0.0,2.6023382769239867e-08,95.87612211243095
2020-06-10,100.76110838204613,4.559469554311374,-1.304427710725406,-0.0016055361902520308,0.0,2.2794784860798633e-08,95.54649018198387
2020-06-11,103.97752055247972,4.595730564353935,1.8899412809396239,0.1636118696665777,103.05289643284226,4.1604229063526964e-07,98.79916336246
2020-06-12,108.65171799782027,4.642808040260837,2.0930831668455454,0.3170117921398758,103.05289643284226,4.378828091101821e-07,103.52043828370748
2020-06-15,107.0732699908759,4.618249816995463,-2.1622850127420463,-0.045044583063619706,0.0,1.0436758744742162e-07,101.73860670800049
2020-06-16,107.26744317148024,4.623642322459373,-1.6614792681097441,0.0001859372264136847,102.22932452518793,1.8193301907470167e-08,101.8254730260345
2020-06-17,105.9875898855561,5.250127308238186,1.6702389653830352,-0.02085971910085362,0.0,1.1227009632998228e-07,100.53098092050823
2020-06-18,101.0331731535355,5.39470206186682,0.5045631711736007,-0.27864719068450305,0.0,1.551557972213589e-07,95.5290428203675
2020-06-19,99.97095083487991,5.5373173347769855,1.526566956829143,-0.01981603965927305,0.0,3.3483269178537425e-08,94.45573327050515
2020-06-22,103.81642916484684,6.47991689888801,6.374648845687872,0.1815942890632356,102.22932452518793,2.424898506127563e-07,98.34413669367811
2020-06-23,102.32361836586824,7.32712322881348,6.601584854657688,-0.02681277660264508,0.0,1.5098162936886787e-07,96.87239867821184
2020-06-24,99.18702086528124,7.786587555503974,9.376734152239706,-0.10008548534645435,0.0,9.267757584076799e-08,93.94822679320195
2020-06-25,97.95140682040706,8.140122829828412,7.692178506455534,-0.0172657686686872,0.0,1.511898092243381e-07,92.75163433148401
2020-06-26,96.87223358871347,8.366301690765873,7.723829357202561,-0.021931823401838507,0.0,5.195374251983245e-08,91.66278824610339
2020-06-29,92.42362856414586,8.03986067224876,1.457770840631639,-0.35648495620099246,0.0,1.0916316780301624e-07,87.15913055388094
2020-06-30,92.71373670439934,7.611719635301842,0.7510968242768143,0.0015849483388544578,102.22932452518793,1.0827411416058645e-08,87.48114743018705
2020-07-01,94.68645329853571,6.974275998858322,-0.6574757146412793,0.05268966890475533,102.22932452518793,1.3101979869156074e-07,89.55057006846388
2020-07-02,94.10425915316377,5.699689484412763,-3.826626915771911,-0.006462422509527187,0.0,3.496068259898006e-08,89.00703659581856
2020-07-03,95.50899694907758,4.505304162081247,-3.4963795213169675,0.03604996559905912,102.22932452518793,7.101997426093372e-08,90.58446327395463
2020-07-06,94.32977353852175,4.486252703378043,-5.491228688755413,-0.0264680055013195,0.0,6.312751046081322e-08,89.38618840469559
2020-07-07,94.92817400384797,4.499123931091949,-1.7393179050670398,0.006127500328114583,102.22932452518793,1.8440338330809945e-08,89.99746009773571
2020-07-08,93.37858093506053,4.483092489376633,-4.865819347639118,-0.041180235754741674,0.0,9.871694768777859e-08,88.43183558723295
2020-07-09,93.99884969940656,4.488030448795062,-5.2824306997977715,0.007697916470231759,102.22932452518793,2.2644886004296444e-08,89.05704231099742
2020-07-10,93.15738933365137,4.4809950027059555,-9.990436117986107,-0.010058381819126692,0.0,2.504118691580687e-08,88.21564023834041
2020-07-13,93.31103415518419,4.48008010195978,-8.919724920583675,0.0014685190250145717,102.22932452518793,4.0954537266494234e-08,88.36837015912705
2020-07-14,95.57141963777863,4.505885543186817,-4.0260699007659895,0.06461428340066265,102.22932452518793,5.386494637979735e-08,90.6694382699946
2020-07-15,97.15262317127322,4.528816447018074,-0.7441125988381145,0.043300401105912385,102.22932452518793,1.2958939451648558e-07,92.27357270732044
2020-07-16,95.34374790218203,4.502129336860153,-4.564505959242837,-0.05837544468297689,0.0,9.836392456779381e-08,90.34803473069316
2020-07-17,96.53859367838544,4.516800992012942,-2.2618118779753758,0.018147235713177702,102.22932452518793,4.3634552609735055e-08,91.55755216204935
2020-07-20,96.19807537230832,4.513344496972202,-4.581917327521751,-0.004268868898854031,0.0,3.5851923453271915e-08,91.21357736093148
2020-07-21,97.14593842944599,4.523746489803109,-3.4209771505884987,0.015262110716371577,102.22932452518793,4.5696479187353767e-08,92.11843288954654
2020-07-22,94.72405149160741,4.501832442632979,-5.350557676393137,-0.10830331229286366,0.0,6.732846087271907e-08,89.67463190453783
2020-07-23,93.00181144999829,4.476125914060581,-11.166973920053096,-0.05637131697817163,0.0,2.236678205245805e-07,87.9266853343563
2020-07-24,97.44080294373347,4.527886299197752,-11.27280858933382,0.2729315117924457,101.76922827510904,1.851193413640776e-07,92.41743721322867
2020-07-27,95.62449749686023,4.501195126158144,-11.191776912680211,-0.0628813216864169,0.0,1.2516078793928242e-07,90.57444059331583
2020-07-28,97.86977245567762,4.529091372791718,-9.190063767323636,0.07712889686466967,100.20549557388733,9.655473625777841e-08,92.90243114278132
2020-07-29,97.44100059489229,4.52610576671457,-7.986027304352902,-0.0033001742689259005,0.0,1.4737856165005763e-08,92.47369931032296
2020-07-30,99.5690669411463,4.543046823167061,-1.748557729115248,0.06387447265430209,96.57927232418749,7.010669711992866e-08,94.4997238409815
2020-07-31,99.09208443852108,4.540181102916672,-0.9620170337479834,-0.006055210211112916,0.0,4.091139890150329e-08,94.0198756181059
2020-08-03,97.87745578247899,4.530614055619403,-6.0064372819501415,-0.019771706449681157,0.0,2.86268307295441e-08,92.77398775990625
2020-08-04,96.8541955518664,4.517288242467371,-4.7609694419259085,-0.016893331353197694,0.0,4.4210719943208924e-08,91.73740171614162
2020-08-05,99.40809862743006,4.53860497603577,-0.6128741986582611,0.09192356949968795,94.47998126108226,8.70873898781764e-08,94.31262152527368
2020-08-06,98.78967732354533,4.538924759139942,0.8252908393713199,-0.009249130834596931,0.0,6.036032823422354e-08,93.69452000449313
2020-08-07,100.40377592194002,4.552874334056983,3.0329563092805643,0.03527392574943416,95.25138621681988,1.503185580166789e-07,95.28399858589364
2020-08-10,102.1903813605151,6.710437154657635,10.515314446097591,0.034516064893397515,96.78302932356394,1.0094074728890298e-07,97.0956873592597
2020-08-11,102.48090337681055,7.811022762086779,9.773909342196703,0.0011269553149528353,96.92670203533145,3.088557155452699e-08,97.3165718485379
2020-08-12,102.1428139797234,8.266983430365585,7.150157593166881,-0.005019457199360056,0.0,2.504706471235053e-08,96.87801394255477
2020-08-13,105.33108420199461,8.831912421345233,10.872809523841994,0.11778492200761681,99.46284749961568,6.06390433711628e-08,100.09707124736423
2020-08-14,106.00794760006863,9.11805686614465,9.905872624988916,0.0075486100566217,100.02328725088071,2.4956451367136244e-08,100.77999957600818
2020-08-17,103.62509582952681,8.944622454255343,9.27900964590927,-0.08736114729047606,0.0,1.6349642176513427e-07,98.30786370530765
2020-08-18,101.15499456701615,8.739656585316766,6.385958198246968,-0.08376025492679917,0.0,1.4104922491341098e-07,95.81983057902964
2020-08-19,103.03193746459728,8.82502450775932,9.193939541675945,0.05909236684809297,100.02328725088071,4.241978856816683e-07,97.71097423870752
2020-08-20,103.6613785189834,8.757505195084066,8.89116726135346,0.007334540253869269,100.02328725088071,9.529457254875169e-08,98.34179974519594
2020-08-21,101.17706915249535,8.607657690099556,7.543613654864274,-0.06627515491699221,0.0,4.380151692493987e-08,95.83713760107315
2020-08-24,101.49184733276526,8.571483379417806,7.717053459788744,0.002484348368498084,100.02328725088071,1.654389331616051e-08,96.24127371557975
2020-08-25,100.62229768945389,8.539396493046125,4.969382965771885,-0.009154416033570935,0.0,2.0121692838962504e-08,95.367118614648
2020-08-26,101.13247405788606,8.253528006295085,3.517896977014061,0.005180596790083064,100.02328725088071,7.070412104282297e-08,95.88406511105617
2020-08-27,100.83807627351501,8.042206719024005,5.631984020988028,-0.001703456950943187,0.0,8.111025413931217e-08,95.60964205922858
2020-08-28,101.85062266599238,7.888969032948706,4.875522321483743,0.011607271711480833,100.02328725088071,6.203910580845092e-08,96.62818882496202
2020-08-31,98.96393490540532,7.459594088798179,2.2610355257980785,-0.13288046801538705,0.0,1.785512128004669e-07,93.71192063061513
2020-09-01,97.22124910233464,6.990163415736057,0.5065564880474227,-0.056884833913739455,0.0,6.62891812991775e-08,91.96063434046404
2020-09-02,98.36634160483064,7.040811788268887,2.4991006641157583,0.014742867683390334,100.02328725088071,3.34624684611091e-08,93.10566721572934
2020-09-03,100.50887580595065,7.26243836889066,7.179188250574157,0.0531805606816031,100.02328725088071,5.019069657891641e-08,95.27367611303544
2020-09-04,104.13887076421727,7.383391664237243,6.488869336151907,0.1862012217834228,100.02328725088071,8.312650797446128e-08,99.06562054395344
2020-09-07,105.48729933838958,7.960655476763787,10.516342757415416,0.02040194400513672,100.02328725088071,6.65179756417025e-08,100.34833753224329
2020-09-08,103.03154041160911,8.212289801463793,4.989905066214845,-0.11135183143418784,0.0,8.68781956002844e-08,97.73055468747071
2020-09-09,104.13968590026954,8.299557627321423,6.776525079621194,0.021128026641889727,100.02328725088071,1.0270013961703198e-07,98.85404647357792
2020-09-10,101.18533378610172,7.7580245953988864,1.8722381164464252,-0.1499121870019345,0.0,5.45103839139532e-07,95.86558611390808
2020-09-11,102.02815585058889,7.553365850062425,3.0705499534253136,0.008967776460780478,100.02328725088071,2.022559969610174e-08,96.71805783738942
2020-09-14,102.91320627365656,7.11416361618908,4.733045100526155,0.016507958461938463,100.02328725088071,6.27174902043062e-08,97.61103580244755
2020-09-15,102.99617802614864,7.292365748108834,6.11742450465546,0.0005274768450566144,100.02328725088071,9.063760291660653e-08,97.69560283371504
2020-09-16,100.26178833362935,6.9091225782637204,1.5619257373443247,-0.08163109308856112,0.0,6.147126063538881e-08,94.97935260070172
2020-09-17,102.65479208918305,7.272470491247867,3.541764222783428,0.0626229209232036,100.02328725088071,6.881177287291015e-08,97.39326448310871
2020-09-18,101.42373844210694,7.037042644355989,1.5514532642889094,-0.028396027084515427,0.0,5.981326196531712e-08,96.15523083160467
2020-09-21,101.60881634572243,6.585996243943886,-0.8158042389088536,0.0019419483580726982,100.02328725088071,1.9655309729539666e-08,96.34231812050461
2020-09-22,103.95898096671533,6.025688934454404,1.2471439603058911,0.07431958490025065,100.02328725088071,7.416473560223232e-08,98.72808331269361
2020-09-23,103.12104370678647,5.978352244594245,1.5357145067530524,-0.013216677882421543,0.0,8.899164329520303e-08,97.87802953671002
2020-09-24,102.59698223941619,4.575581268818826,-2.7101962543993494,-0.0045063416743701635,0.0,4.7877603294431666e-08,97.31941909107505
2020-09-25,102.55594190109876,4.578307171029155,-3.0522792402244363,-0.00021185246058076518,0.0,3.614957183580437e-08,97.28110465496795
2020-09-28,102.26889303687759,4.5721059331088805,-1.3194765378221263,-0.0034803551293899975,0.0,4.292192522583845e-08,96.9878545528265
2020-09-29,100.13895852816783,4.553328795573702,-1.3763176784028417,-0.05668519805914637,0.0,4.318983161614474e-08,94.83914290658157
2020-09-30,102.35407919342784,4.58040067486402,-0.14842575398047586,0.07112227845991916,99.66874323274475,1.924162615685832e-07,97.08133545113189
2020-10-01,101.19205404658683,4.561643932759604,-2.0965147598616625,-0.019119746768078403,0.0,1.82097606497483e-07,95.90055356218647
2020-10-02,100.49658655702314,4.552591032448076,-0.9882018756133562,-0.009069993083697192,0.0,9.8299354057001e-08,95.21313979751456
2020-10-05,99.38703721136396,4.54721235095072,-1.5898204646779561,-0.016808916256128483,0.0,4.410876517487465e-08,94.19012594116315
2020-10-06,97.85073567024637,4.529169447726555,-2.8363238901590506,-0.03155099513682203,0.0,1.4905800687305963e-07,92.6357814968214
2020-10-07,98.40164551016075,4.535677619715135,-2.8800315261289455,0.006259203734395109,99.66874323274475,1.1072691970219845e-07,93.19319950872435
2020-10-08,95.207024205832,4.495609358833893,-6.2182315617143615,-0.16825645692387703,0.0,1.273549480999697e-07,89.96210370818646
2020-10-09,94.28219719795347,4.4899565595765205,-7.300232404917665,-0.013672128517082572,0.0,4.5948882602348553e-08,89.0577843120105
2020-10-12,96.34460517479364,4.51443363428998,-2.161623305537333,0.06482228421050928,99.66874323274475,7.178292299546859e-08,91.23191295384065
2020-10-13,97.42763240092376,4.5242336895450705,-0.46163532561637055,0.022512149585020416,99.66874323274475,3.9246392490399014e-08,92.32474023522585
2020-10-14,98.12203115829077,4.535832036140203,0.6197784978865855,0.012463867606528333,99.66874323274475,3.870503976772054e-08,93.10140843572688
2020-10-15,100.74316095467009,4.5631934437351624,0.8165146941633452,0.07854747545314406,99.66874323274475,5.105783370890089e-08,95.70295783321154
2020-10-16,100.13048444991718,4.551613557870096,-4.266347198111532,-0.005802934521867866,0.0,1.810573404818781e-08,95.0228478859711
2020-10-19,100.28293359847756,4.558819900070415,-5.170371896216139,0.00013264029416784257,97.95179830119754,4.591440207638807e-09,95.10598303908179
2020-10-20,100.36110327278497,4.556054240578647,-2.4571479684677655,0.0003637015516926847,97.95179830119754,1.55458743782148e-08,95.18138705389744
2020-10-21,99.8092478755621,4.550568867761158,-4.488308161692046,-0.005754157325970182,0.0,1.9093706861509575e-08,94.62404628385707
2020-10-22,102.10641663917926,4.569762586738705,0.672258791260802,0.09256810218522916,97.90458658124699,6.597005717595506e-08,96.94040876645178
2020-10-23,101.27369977411219,4.566012432803447,-0.6184190990436775,-0.012797884487328605,0.0,1.6854990939007791e-07,96.10394174744945
2020-10-26,97.85789790187175,4.531761791865578,-4.626456187662896,-0.13208759857783772,0.0,5.902999022376345e-08,92.65388923427115
2020-10-27,96.85758221277558,4.519063885570557,-5.954654390236399,-0.011343991469462881,0.0,1.5515730470873357e-07,91.64595974248711
2020-10-28,96.65447208720894,4.509484987608963,-4.247111365236478,-0.0019047083768256067,0.0,3.192606516426784e-08,91.43327071895887
2020-10-29,94.06354196643392,4.4799121503682,-8.90495667371492,-0.1175811949687664,0.0,8.552385107355889e-08,88.81276776094307
2020-10-30,95.9587849113737,4.512936772852205,-5.2670303183311376,0.05392538599438012,97.90458658124699,1.6751484182242122e-07,90.83210932676015
2020-11-02,97.09721505107575,4.5219315803936935,-4.6371134197907935,0.021775975822020937,97.90458658124699,6.394551661815465e-08,92.04054184917277
2020-11-03,98.73059969685619,4.539702357673101,-4.862743659165716,0.035591037591204966,97.20627089952482,2.622230281603524e-07,93.72099696428079
2020-11-04,96.46478487846326,4.519602460308141,-6.505695824427008,-0.07782083373211032,0.0,5.0658490570768897e-08,91.40320281186547
2020-11-05,96.98451380589871,4.520267353042448,-5.224301118340463,0.006319092730675808,96.93750543759745,2.4551576655373457e-08,91.92359663203523
2020-11-06,98.1759800163478,4.53800597606882,-3.8452940970614975,0.017537235567144517,96.76909090646502,2.5704983566497014e-08,93.13280146551068
2020-11-09,100.51147553910523,4.56046925729342,-1.1192958441902618,0.07807378076473284,96.76909090646502,2.3764940956522483e-07,95.48757450998598
2020-11-10,99.34316642604021,4.551068294345723,-0.21438754364895374,-0.024143439185327194,0.0,2.0161811390961035e-07,94.22447957552166
2020-11-11,96.40817968764479,4.515336882525712,-6.145118888817663,-0.1158545723797053,0.0,1.0616978365996991e-07,91.25376142530622
2020-11-12,95.62783823036912,4.497561409270702,-5.942858077758487,-0.009223891501194039,0.0,2.6501586676082993e-08,90.45564449477554
2020-11-13,96.31175602181891,4.514008007530733,-3.590956774792147,0.005627155544291587,96.76909090646502,6.992191716618923e-08,91.15600888448536
2020-11-16,96.33722377131348,4.5093191989945955,-3.509033813072037,0.00014033308688028676,96.76909090646502,2.035413150435198e-08,91.17678782544378
2020-11-17,94.67137724960418,4.495536845929238,-3.0652860313912242,-0.028240711268650097,0.0,1.6101038387518726e-07,89.60614243664426
2020-11-18,92.83952217629506,4.474650531385354,-5.52278249093834,-0.05371503773531236,0.0,5.43232199758728e-08,87.83799817389452
2020-11-19,92.00908537750144,4.4645430103778,-2.7414481664833232,-0.013355362523866513,0.0,3.428992119579715e-08,86.99745385409334
2020-11-20,92.13805378054138,4.46542765060272,-2.1593651695613687,0.001178978655140768,96.76909090646502,2.0989543208366126e-08,87.12730689735821
2020-11-23,91.15101185004465,4.459278578613784,-4.900689896781557,-0.012069758037320993,0.0,2.0983094710227726e-08,86.1437035991144
2020-11-24,93.32458247369041,4.48290850772117,-3.733548116930251,0.07860976675582955,96.76909090646502,8.335570398405337e-08,88.43925078845885
2020-11-25,92.65737939338253,4.475813655616822,-5.435048866847907,-0.005802061346067761,0.0,6.229293379531205e-08,87.81217826485744
2020-11-26,92.15366774192952,4.470346214705477,-8.502235766600393,-0.005669538842982302,0.0,6.590221487492573e-08,87.27591401966036
2020-11-27,93.24507454566665,4.485050864276122,-6.103765022828725,0.0200904080059077,96.76909090646502,3.813088180296347e-08,88.38202547296814
2020-11-30,93.34072835063172,4.48308815446341,-6.963172161519481,0.0004558224059222481,96.76909090646502,5.1635015925741135e-08,88.47571656812049
2020-12-01,95.33645184326734,4.504275673630669,-4.8042343387505895,0.06521437772566621,96.76909090646502,1.0218462433353787e-07,90.4328809970484
2020-12-02,93.17517517296014,4.475691801585809,-6.830899088927808,-0.05584674486034385,0.0,4.115967544000907e-08,88.24302045469634
2020-12-03,90.46631169151969,4.4546570928345535,-10.494545008251663,-0.11434153328134089,0.0,6.174295540476186e-08,85.51312226450463
2020-12-04,90.20322494554615,4.44815978736682,-10.690383075554365,-0.001902717077082569,0.0,1.2664032437572847e-08,85.24353821306336
2020-12-07,91.13277364582785,4.452641401254094,-7.0687083099372785,0.0163047182130966,95.28995790003354,1.2415000349738806e-07,86.17756852723234
2020-12-08,91.96070633595681,4.4673207640185,-4.626682580724463,0.010432499045769716,95.28995790003354,1.9287049274281754e-08,87.05490820244856
2020-12-09,92.4474302125503,4.47241734445907,-3.3068549568172756,0.00640592186969172,95.28995790003354,2.0174591262455507e-08,87.64479248260282
2020-12-10,93.87744158279646,4.480321324329743,0.03610754566913954,0.027735158642976075,95.28995790003354,1.2518230984338353e-07,89.02379338742493
2020-12-11,94.57828409039286,4.4963985568740945,-1.495704906278661,0.0069455808042731704,95.28995790003354,4.2483953341560226e-08,89.71689713217611
2020-12-14,93.81083591552178,4.488602836081259,-3.0161416933394207,-0.011017011669080628,0.0,7.077604440149887e-08,88.90459818998188
2020-12-15,90.15489462045696,4.445832756631425,-8.392059770234596,-0.2016784621774829,0.0,2.0262893058933171e-07,85.20588681546724
2020-12-16,92.70627780618503,4.477482714107841,-3.786256834553299,0.08469866052919378,95.28995790003354,3.3216630383514645e-07,87.7889199586717
2020-12-17,94.20168950339982,4.495690721005603,-2.230096814967453,0.03544018571684882,95.28995790003354,4.322978941999654e-08,89.30253966278426
2020-12-18,96.05087338429689,4.513436182359147,-2.269384714096603,0.04416856470252793,95.28995790003354,1.0409010939357547e-07,91.16946900503487
2020-12-21,96.2404377396676,4.511922210354639,-4.531586148218679,0.000756188382086651,93.68651987004674,5.619681950808437e-08,91.28504475657364
2020-12-22,97.6658871478256,4.5285869022679694,-2.1059808621783134,0.025493490971500814,92.06367957947867,2.1909227721341182e-07,92.6500119147823
2020-12-23,97.94720305023115,4.533267862621784,1.6538244241588984,0.002504334851992393,92.65947242644445,2.799205046561075e-08,92.93600877754166
2020-12-24,101.89721688551944,5.14594336123315,7.007154062016838,0.17204092009662775,96.77002275395849,1.5908057680625907e-07,96.84559377806087
2020-12-25,100.14738509038975,6.090623161266653,3.953679142378377,-0.05835247833996728,0.0,2.8373564507245965e-07,95.05691781608347
2020-12-28,99.06957224711978,6.808533571600816,3.5788040114485966,-0.0165381585153251,0.0,3.3071998849890796e-08,93.89956379476659
2020-12-29,99.03978664794253,7.252098987271918,4.817638631914718,-0.00022884770216430257,0.0,2.3394963963656977e-08,93.86972695376856
2020-12-30,101.12373028979552,7.685247331425588,8.55124189786764,0.05346342416719758,96.77002275395849,8.768566450534361e-08,95.97339622119621
2020-12-31,99.68932000229917,7.687580134835959,7.723868700076963,-0.040554683091272005,0.0,3.1975446351786025e-07,94.52107242560632
2021-01-01,99.6015621284963,7.952921730383664,7.563104229837407,-0.0008432770897810357,0.0,2.7817730275071208e-08,94.42818024126251
2021-01-04,100.68419980928722,8.313760621685825,9.199171147697854,0.017308260311108988,96.77002275395849,3.864056463903605e-08,95.52241963672473
2021-01-05,101.84094971142058,8.581779519386846,8.40409507473386,0.024539512975975574,96.77002275395849,4.3222148851649775e-08,96.69237836587989
2021-01-06,102.16203277665872,8.634633186403413,8.789147029153199,0.0007177883996038654,96.77002275395849,1.2032003210655771e-08,96.9544146315562
2021-01-07,105.30334561562209,8.915709889100171,12.434134670656405,0.1229128409939016,99.12815203315202,1.900320947969128e-07,100.07538705658627
2021-01-08,102.77028360227388,8.951070710471342,8.65989204135154,-0.09456120457393478,0.0,8.185867263483601e-08,97.51716929701716
2021-01-11,101.47254852719351,8.852297668518753,8.346800828388822,-0.031213501248726357,0.0,7.108426665592461e-08,96.20429497355633
2021-01-12,100.64302289816476,8.686192772316783,4.950609022193632,-0.010508271263789703,0.0,4.7497213856291544e-08,95.35915125731053
2021-01-13,102.59396817284744,8.659619407217528,10.195071876613042,0.0587249694861853,99.12815203315202,5.752716813359861e-08,97.33798797263293
2021-01-14,102.14213332774159,8.652753723358828,10.96257429181594,-0.0033700530577411647,0.0,1.43155723619552e-08,96.87527103983483
2021-01-15,100.72729296696164,8.712762833878449,9.893640176536081,-0.02603256516366813,0.0,8.484830394111329e-08,95.44352314312884
2021-01-18,102.51467931320398,8.932087130944726,11.29178197369815,0.05146800641233404,99.12815203315202,6.848241534447503e-08,97.32547992963283
2021-01-19,100.63256894265105,9.041389445073158,8.574698658112638,-0.04112477618138042,0.0,1.316321713494816e-07,95.42835690674019
2021-01-20,98.83184995652772,8.892705763589102,6.193796322478818,-0.054208879442186914,0.0,2.385253089587364e-07,93.6072028872743
2021-01-21,95.91001818036861,8.33328843680196,2.5097331489318577,-0.12595782180384552,0.0,7.118823987812709e-08,90.65297129588338
2021-01-22,94.89999214805917,7.713155570243073,-0.04592513775676821,-0.02201493316274291,0.0,5.4070789928181295e-08,89.63047240018237
2021-01-25,95.0132612062673,6.997871897097209,0.7588617082047477,0.0002932447790095926,99.12815203315202,6.985675835257434e-09,89.7449485655984
2021-01-26,96.99894959574287,6.907419188957903,6.4812056572228585,0.07887416611879829,99.12815203315202,1.7951560195186835e-07,91.8349643380343
2021-01-27,95.56198455796466,6.669091006212813,2.7732640694539867,-0.025022672753751564,0.0,4.38751310143971e-08,90.54301671506107
2021-01-28,96.02346119464599,6.753384738054672,1.1602830609531054,0.0039042144851014564,99.12815203315202,5.8410083975777854e-08,91.00383985643793
2021-01-29,97.18780342902012,6.903221364665836,1.064321548197853,0.018065642612304963,99.12815203315202,2.0587436979169903e-07,92.18466360393602
2021-02-01,99.44533209227471,7.070768550271177,3.833406834542714,0.07702344660514647,99.12815203315202,1.129368680121453e-07,94.47007709176081
2021-02-02,99.38433425095005,6.652536171072234,2.4340856045782147,-0.0008923671038967723,0.0,1.651485152333341e-08,94.33161787661712
2021-02-03,96.74643780922915,6.0855376270352135,-1.93676354274929,-0.11402126896573576,0.0,6.120890910452343e-08,91.65143242758997
2021-02-04,97.7946543943188,4.534477880356296,-3.630183676390942,0.015539489102145702,99.12815203315202,1.3611482163925713e-07,92.72189014200607
2021-02-05,95.81010855762239,4.505513569419708,-4.725826496013127,-0.046911824345510944,0.0,6.122923843742871e-08,90.70837999437309
2021-02-08,96.25902695657484,4.5079345109464874,-3.7045296188337886,0.005208903384629047,99.12815203315202,3.457899729673391e-08,91.15971933485233
2021-02-09,94.10966531526434,4.485481573792069,-5.714239240444854,-0.08480063824674824,0.0,8.35277080343104e-08,89.04918357492055
2021-02-10,97.07704627753809,4.523639476947863,-4.144725734559216,0.12871577855826477,99.12815203315202,9.72671705799916e-08,92.05472244035009
2021-02-11,95.26774525421988,4.504562913003372,-4.176375153684788,-0.038313930106493095,0.0,6.375124004929647e-08,90.25838059988597
2021-02-12,93.97976841780925,4.4918624335763715,-5.233730235888814,-0.03164548624604001,0.0,4.048822822031334e-08,88.95770328404835
2021-02-15,93.01019653669604,4.47349823440809,-7.9614563543343735,-0.019017875860539903,0.0,3.516980749492945e-08,88.0344840467217
2021-02-16,95.14357489706644,4.502418821570339,-6.66064232280506,0.07130351595984677,99.12815203315202,2.650007847184823e-07,90.19678299425436
2021-02-17,94.22875610156981,4.492775929602745,-7.2860266462917025,-0.016892983070618376,0.0,4.010588313128155e-08,89.27232130679013
2021-02-18,92.87282177181754,4.472149882502735,-12.276375372667545,-0.0379516568099187,0.0,7.016904426486143e-08,87.89576092993785
2021-02-19,91.33955369615991,4.454534601720511,-11.325243679097255,-0.036540889366534525,0.0,6.553770487510572e-08,86.43124404777458
2021-02-22,91.3474832313487,4.462040111008111,-10.190243648481882,0.00014481976811806703,96.87527918162078,5.6291747124922154e-08,86.44667909225097
2021-02-23,90.6226564314454,4.454512765173245,-9.339216685697878,-0.012128801397121792,0.0,3.171278515413622e-08,85.71432494651282
2021-02-24,89.51043116587006,4.440843806336138,-13.203924248271207,-0.020019736315103846,0.0,1.0445452908771389e-07,84.5947407992523
2021-02-25,87.71966840085543,4.421160437265712,-13.796451569589237,-0.052907242188414666,0.0,5.013484077535086e-08,82.86634180223392
2021-02-26,87.70473218504797,4.419478705260913,-12.31017829792468,-0.00011620581244282117,0.0,4.493339671297633e-08,82.84972385442167
2021-03-01,83.59816143262371,4.365701287448355,-18.440624942620673,-0.26598368853598403,0.0,4.1513411520950607e-07,78.68947694501932
2021-03-02,83.64492590956566,4.368529225241987,-16.77022388070607,0.0009013617533205112,94.25783313704528,3.26300582059985e-08,78.8022388472854
2021-03-03,79.0862036535186,4.308638154334149,-19.422764587585206,-0.37398207772673303,0.0,2.6460482354983317e-07,74.2738347715929
2021-03-04,81.34149720080315,4.341855124342212,-13.922788889827373,0.07599883507627661,94.25783313704528,4.82342431422749e-08,76.57001160998387
2021-03-05,80.085465494487,4.324452594131745,-14.12343848840338,-0.014789263878712421,0.0,2.630631735934e-08,75.5383581850084
2021-03-08,79.19417847921645,4.311692514653913,-15.189290023086414,-0.011569305238066747,0.0,3.054801970281578e-08,74.63431109026003
2021-03-09,76.71719294309388,4.284476705313138,-19.187499676659314,-0.09520547438729782,0.0,9.638572810035508e-08,72.36647496384838
2021-03-10,74.79139692738656,4.253658801359659,-20.423720231479095,-0.06937781122244666,0.0,4.6526567387555665e-08,70.40986104418758
2021-03-11,76.02914969727684,4.274332338326391,-18.95817631999175,0.022290223609240448,94.25783313704528,4.039538288965736e-08,71.66828735104458
2021-03-12,75.2794731011378,4.262541339045319,-21.308936912134243,-0.009867285103374953,0.0,1.4977723250247204e-07,70.90681975562447
2021-03-15,73.79529984628905,4.241497401191431,-25.418303195785242,-0.03706473779875087,0.0,3.6092530179724324e-08,69.51831357186585
2021-03-16,73.65089427623836,4.238540370755868,-25.755046333233196,-4.160681986384249e-05,0.0,4.41617982306949e-09,69.50120575514566
2021-03-17,70.51630600707605,4.193174656402675,-24.89269190254339,-0.19320039836962183,0.0,6.855469455466952e-08,66.32125177163016
2021-03-18,69.65744473528936,4.184457472636903,-27.51698411925436,-0.01588111543519839,0.0,6.43695323927919e-08,65.45367331607768
2021-03-19,69.51240481753698,4.182634920573306,-24.976503600443152,-0.0007137169411329868,0.0,1.0574707745898321e-08,65.3576623872194
2021-03-22,71.19336224552401,4.210542314467544,-23.341136160708587,0.04624816593024061,91.93360997465614,1.2134200800568773e-07,67.07884504009617
2021-03-23,71.14315141549821,4.213092593377337,-21.154496957931386,0.0008586085785075035,91.93360997465614,4.6125874261114336e-08,67.21789505516975
2021-03-24,70.7176180121771,4.201462303717483,-25.3865224319223,-0.0033715042747512534,0.0,9.294740143097837e-09,66.74693750973651
2021-03-25,69.67890367356952,4.188922077264072,-24.477148316902486,-0.02155522389345814,0.0,2.919645793787545e-08,65.69568294467553
2021-03-26,68.34619610154833,4.165787714377229,-24.844157845691086,-0.03061554181262307,0.0,3.4691894473714025e-08,64.3398410097675
2021-03-29,67.37401926530154,4.151361317096577,-24.142439560381106,-0.016391357339485598,0.0,1.8795788820244948e-08,63.35323777624006
2021-03-30,68.63997119781408,4.166472273423506,-25.74757432218277,0.03748279246641168,88.56548141306389,1.1034404914243958e-07,64.63430066507952
2021-03-31,68.96636006351385,4.171870630493626,-24.53256032761368,0.00461591744073516,86.84904237914334,2.5638629685064538e-08,65.01716784265102
2021-04-01,68.0627636208252,4.1647809691989055,-23.166151722521448,-0.015955725387949628,0.0,3.5675546681396815e-08,64.19987833711518
2021-04-02,69.02149021218281,4.178881442701014,-20.723331140378065,0.02272667121436751,86.07209272729746,6.508115842431139e-08,65.17674529225124
2021-04-05,67.7076044674504,4.150374956666878,-23.206343561781807,-0.04081693046109404,0.0,3.392748433111853e-08,63.83435306148469
2021-04-06,67.11357814336438,4.145876174953926,-22.841283289068308,-0.010807924222548759,0.0,3.065043264960271e-08,63.23582795568572
2021-04-07,68.2042019163733,4.16247821973863,-20.61600267098757,0.03217164180433796,82.52654894009625,3.432418327524603e-08,64.34305377347934
2021-04-08,69.28511731661328,4.178692576847654,-17.912321128961807,0.02522791590038618,82.52654894009625,3.402561228327322e-08,65.44018353082835
2021-04-09,70.14367322243474,4.198117279337157,-16.492081567791402,0.013721799220663576,78.60741025684156,1.831991075805761e-08,66.32739702350247
2021-04-12,70.10898165007524,4.192756630678781,-12.49953262720014,-0.0009417323273552394,0.0,3.9912641271881326e-08,66.22210659196153
2021-04-13,71.80082077994744,4.217834826796234,-11.041122405235498,0.06191566948514467,76.47391161237202,6.413872500454494e-08,67.88200749488911
2021-04-14,69.28102772758908,4.179594365431182,-8.999837540109255,-0.14218426310090934,0.0,5.9530123443975344e-08,65.3239739811657
2021-04-15,70.95811779104956,4.20713700116182,-9.685999532973383,0.048275740108435224,75.48713175409684,2.7775836923506417e-07,67.02860668035682
2021-04-16,72.07690254198498,4.2190638699323735,-7.554333274121234,0.03382383649927248,74.58324519227612,7.563117926890031e-08,68.15931830006278
2021-04-19,71.37153025463081,4.212237140357401,-7.059192717903201,-0.014840789977216735,0.0,3.562014835223821e-08,67.38840444363498
2021-04-20,70.7132728204933,4.197093638583777,-6.0717662953655065,-0.010527932784439809,0.0,1.811274373866623e-07,66.71500350772384
2021-04-21,69.6962360117137,4.186855074205919,-4.5469036007969095,-0.020865241716905472,0.0,5.8653460720361423e-08,65.68772813456638
2021-04-22,69.13247833899408,4.1736254608074015,-6.881662447112717,-0.010512187874357202,0.0,5.054591638814991e-08,65.11074084844824
2021-04-23,71.36537891296786,4.2091360245340885,-3.6917939393166677,0.12143837911298166,69.38560234848286,1.1827052177893754e-07,67.37915198614871
2021-04-26,73.57764924985665,4.241439583903317,-0.004018871118816492,0.07515040611310578,69.38560234848286,8.145674453325965e-08,69.66477722355351
2021-04-27,72.87978865084767,4.240544917460908,0.13906768602886643,-0.008621576980755889,0.0,2.3065627198651854e-08,68.91677516086857
2021-04-28,75.56099241143585,4.27538284042889,5.674939509029727,0.1306280442048232,70.3535564233165,6.370278410308504e-08,71.50296756378
2021-04-29,76.68710199719237,5.981847233754208,6.859540636429372,0.025032367380354872,72.56512740087427,1.8116745950588193e-07,72.63752098969019
2021-04-30,78.45438009701265,7.112236913917862,8.597442069041136,0.055299588076056144,73.3250787540241,7.210925376291387e-08,74.28043942246238
2021-05-03,76.83786072819652,7.488846945268143,5.171359153370233,-0.0504043972908311,0.0,1.98547568779485e-07,72.60662017265554
2021-05-04,77.55318466007458,7.845027691241869,5.459973989078463,0.012404079052559093,73.3250787540241,2.449893331231251e-08,73.3255122305393
2021-05-05,76.08394038997824,7.798764890590076,5.461236155725416,-0.04803500650018929,0.0,1.8791426902942377e-07,71.8455294139343
2021-05-06,77.73769655398806,7.813865554738801,7.497050059691389,0.04860653904765334,73.3250787540241,5.5193844060254093e-08,73.51580768840056
2021-05-07,77.05296169305032,7.821351554890416,8.131085162081988,-0.006843612208373911,0.0,1.0730926751433593e-07,72.81909922909456
2021-05-10,76.31079504451705,7.978160572857059,8.71868549846856,-0.00999756729635936,0.0,1.8489147656233894e-08,72.07230024189639
2021-05-11,75.65805789405671,8.025951129690137,6.592908185816285,-0.011123937819669841,0.0,8.380939847423732e-08,71.42215547824233
2021-05-12,75.39965492829873,8.144870112595354,6.629420425457823,-0.00112800009050987,0.0,3.5523166577500406e-08,71.16916241535462
2021-05-13,75.38095190353971,8.130480755548412,7.15106317714725,-0.00010648492485751192,0.0,1.0754997392601275e-08,71.1513489091514
2021-05-14,75.90803375319452,8.001764495141241,6.148698762446372,0.004482505420154451,73.3250787540241,1.6449460445023012e-08,71.67755366523116
2021-05-17,75.73792508980804,7.983911653654287,8.05396926887451,-0.0003846747516357063,0.0,4.842774646012776e-09,71.55548094749706
2021-05-18,74.57566138219352,8.001199417062335,7.006633640290026,-0.026860981016263004,0.0,3.438559298982347e-08,70.37441275374287
2021-05-19,74.56629866551292,8.019066436342584,5.977214377126188,-4.368596223117179e-06,0.0,7.481373037967828e-10,70.36545086173085
2021-05-20,74.72927775204678,7.943123640977275,5.009844657732259,0.0007981939233670972,73.3250787540241,7.3666815313020605e-09,70.5296054196052
2021-05-21,74.83834926966829,7.872185285926081,4.1937094373512736,0.0008199219706492588,73.3250787540241,2.0664052406513186e-08,70.645260878284
2021-05-24,76.02750876841756,7.746490609419608,5.512965350295374,0.03992198556819907,73.3250787540241,5.558846149669322e-08,71.91632000543852
2021-05-25,76.4941254241997,7.591765590301603,4.1793003632453605,0.005152772191752759,73.3250787540241,2.443502037661605e-08,72.36012702523676
2021-05-26,75.38189636095854,7.579144417718545,5.8051920840878495,-0.021860816640552772,0.0,7.18136732788481e-08,71.2118878394997
2021-05-27,75.68022980372352,7.545704970468006,4.601383597355863,0.0024678718039677543,73.3250787540241,1.2609523307986145e-08,71.51890962939692
2021-05-28,75.28755950262946,7.414086778380802,3.1803006120949107,-0.003966663035669804,0.0,7.670874854345769e-08,71.11762955736972
2021-05-31,73.81456410354996,7.116677758530695,1.4965098993819907,-0.054619589097367374,0.0,4.8265094619261856e-08,69.614005144469
2021-06-01,73.20506823249144,6.9578722195958065,2.9339566048132752,-0.00894185607890179,0.0,3.185459769818699e-08,69.01061848849444
2021-06-02,73.26195384980363,6.700127030218231,3.0937133692256964,0.00033501295570828035,73.3250787540241,6.336615467296298e-08,69.06002140658798
2021-06-03,72.42296168715114,6.5752298250377414,3.385464331754477,-0.012079837192323873,0.0,4.361449602658659e-08,68.2126758499224
2021-06-04,72.47710971202493,6.475458385528125,1.4355089413079725,0.001296714246976313,73.3250787540241,1.0309089317850052e-08,68.4004930627046
2021-06-07,72.01476126222967,6.1714881364479695,-1.4757420656175526,-0.007224032742308132,0.0,2.4438456045646533e-08,67.9278820389517
2021-06-08,73.21315627934037,5.917842994798014,-0.3138146200955845,0.030719177781379642,73.3250787540241,1.5142530586696926e-07,69.14801593895332
2021-06-09,74.61275443910101,5.347219020698126,-1.1957962955233512,0.03866695340642055,73.3250787540241,3.198077049261305e-08,70.60481078838234
2021-06-10,74.84516237222408,4.255336237128993,-2.03689932800269,0.001229017510010156,73.3250787540241,1.511012207932654e-08,70.78594094969768
2021-06-11,76.59947690139796,4.285047307522673,-1.5297747775152715,0.05151074854093963,72.81690334441777,6.095951741004173e-08,72.48925700831467
2021-06-14,77.31818830857962,4.290841112907991,0.46343005995669273,0.012915207970378172,72.98191104300702,2.7230956796465686e-08,73.21376222088163
2021-06-15,77.0779979395396,4.289809104004076,-0.0726018015428167,-0.0030956066814970405,0.0,4.154109143363694e-08,72.84689268840414
2021-06-16,75.72745846707595,4.270648403431574,-0.6771286687162075,-0.03838420948085299,0.0,1.925613769208606e-07,71.47719251536799
2021-06-17,76.01911386617766,4.2742237781840045,-1.6243458689631751,0.003071092083814929,72.98191104300702,3.012645587333135e-08,71.77242328922213
2021-06-18,74.53624417952972,4.253614031780972,-2.2152767119028596,-0.04211399320445258,0.0,1.3230347474990438e-07,70.26894385617115
2021-06-21,74.60444629865704,4.252482904986424,-1.9594046927660145,0.0004580125727496916,72.98191104300702,1.0558155648704481e-08,70.33601484850392
2021-06-22,74.83394588432124,4.256402851422361,-0.5247370907049458,0.002184713284083774,72.98191104300702,1.201273324692194e-08,70.63055999539965
2021-06-23,77.3710406285157,4.2943233851928975,1.8165690354665998,0.10937915331075175,72.98191104300702,5.429059187547951e-08,73.20557527336464
2021-06-24,74.26055006787614,4.248395832713325,-1.536601491935997,-0.20229884924568442,0.0,1.6108928584098936e-07,70.12090477537603
2021-06-25,75.03185137905362,4.258852047632524,-0.7127337961187976,0.015615214405799483,72.98191104300702,8.014395516666283e-08,70.9074049292532
2021-06-28,74.50536446618793,4.25104010780529,-1.3333915607653495,-0.007564479561586891,0.0,2.7010718274429892e-08,70.37310607656028
2021-06-29,72.41335166794343,4.227005465763329,-1.6678179917853697,-0.08557962326878349,0.0,4.3260718108646007e-08,68.25705863627381
2021-06-30,71.20371998825746,4.206319564242943,-3.098623175653117,-0.027431011382626626,0.0,3.586806710257452e-08,67.04385513591338
2021-07-01,70.69188355410375,4.1991470634505355,-3.6608168021582514,-0.005334942670529763,0.0,1.870581391132424e-08,66.52484620096726
2021-07-02,70.87293667201295,4.206199041246973,-3.6536005358615853,0.0008987321369127452,72.98191104300702,4.7736431909350074e-08,66.7129512966729
2021-07-05,72.16557774979587,4.217099819533023,-3.8815470992466174,0.04864333540625872,72.98191104300702,4.986158215093287e-08,68.10549424020437
2021-07-06,72.9452081292035,4.237292185359153,-2.8454772600797327,0.014000851954647621,72.98191104300702,2.7454590688428445e-08,68.99048627490178
2021-07-07,71.69115454058266,4.2152093461071996,-3.4361971608003046,-0.03422880289256007,0.0,3.377035621509388e-08,67.6778561930363
2021-07-08,68.81264900711066,4.17318589463456,-6.843400005186098,-0.1403085753935766,0.0,9.049679092800732e-08,64.75732720809167
2021-07-09,68.5501544075224,4.167765309550141,-6.579131938508553,-0.0021789161956311995,0.0,1.0952485569063111e-08,64.48941202341898
2021-07-12,69.50686646167024,4.183309149192814,-3.4213875588425964,0.014659734074329418,72.98191104300702,2.2751154168485765e-08,65.4616679172095
2021-07-13,70.67548592471324,4.197795107791892,-2.8872975915523966,0.025678143047825095,72.98191104300702,1.2170060297416756e-07,66.64477333885158
2021-07-14,71.04013300697223,4.212492691275457,-1.3845454069837047,0.004300310364304722,72.98191104300702,9.472359836230613e-08,67.1543223658906
2021-07-15,68.57280274105749,4.167982613547564,-3.7509379641302303,-0.1152998891425113,0.0,1.1675331823068845e-07,64.64248202224796
2021-07-16,69.7956702470748,4.193112680732084,-2.5052604835723713,0.03995521667004993,72.98191104300702,2.0671406072972432e-07,65.89047959544979
2021-07-19,70.77530483521373,4.200918981310354,-1.2844574537843556,0.01500709078730435,72.98191104300702,1.7751694955252203e-08,66.87792048416699
2021-07-20,70.92173144065426,4.208048047342762,-1.9066778077100253,0.0005956933382767874,72.98191104300702,1.0794298528511701e-08,66.9916827202008
2021-07-21,71.32488769333554,4.212079884339229,-3.2150874928570516,0.005002495286552211,72.98191104300702,2.7666121827440605e-08,67.36704452414315
2021-07-22,67.7580787327077,4.156923553492692,-6.605798489041533,-0.2559840500751631,0.0,7.357114942633342e-08,63.74507923266877
2021-07-23,68.89000015388768,4.1734374799018825,-7.667688488213386,0.027456918076005126,72.98191104300702,3.934993468192707e-08,64.89351458025794
2021-07-26,71.00383202888429,4.20753490123671,-5.837163583988655,0.07980724763410803,72.7699586534547,1.931350020348407e-07,67.04144387658938
2021-07-27,70.69420569952315,4.193233157346464,-6.715942339902327,-0.003856117981143973,0.0,2.3653820727552998e-08,66.71751580333799
2021-07-28,70.72758784970821,4.206711154203857,-4.432647111726595,0.0003685228196779051,72.404366108776,1.8917499052609127e-08,66.79571199617736
2021-07-29,70.18061933050427,4.1864655682296785,-6.034516216139309,-0.005592248398816406,0.0,3.4476786044221575e-08,66.22849789099922
2021-07-30,68.35954691778436,4.164640666779586,-5.989685748057539,-0.06253213839578808,0.0,1.1939586564788667e-07,64.38560057682922
2021-08-02,68.11850126996968,4.161104684990483,-6.137353139225382,-0.0013023038402452485,0.0,4.945953929633068e-08,64.14101894722545
2021-08-03,67.74926505524067,4.152923500009476,-6.936006052828539,-0.004120443353602153,0.0,2.3421819780862583e-08,63.76360154751543
2021-08-04,68.21259237831063,4.162457289234957,-9.053455103308806,0.005668351146667606,70.83170562627511,2.0601031150282128e-08,64.26395542507308
2021-08-05,67.74171644108368,4.154508327899276,-6.272414502381807,-0.005137968360776643,0.0,2.9093886235031978e-08,63.873161253703124
2021-08-06,67.24413707907904,4.147226752985009,-7.470417751735518,-0.00562876130337726,0.0,2.873682909879042e-08,63.38247248819903
2021-08-09,67.5599682808454,4.156339049253884,-6.340978718064122,0.003707079988176338,68.27090059905703,1.4865663810465821e-08,63.74011018211749
2021-08-10,67.76394671250652,4.156160268789364,-4.685786972595736,0.0015728742761567098,68.27090059905703,2.147075739058021e-08,63.943909833314095
2021-08-11,65.07521023990928,4.1121701143258385,-6.029971496479845,-0.152188600463442,0.0,6.154840604241281e-08,61.21118320625333
2021-08-12,65.68545824082432,4.124308191830276,-4.804452686119902,0.011156093996087343,68.27090059905703,4.546437910744276e-08,61.85625614768897
2021-08-13,65.5831608245056,4.123196629719352,-5.344667101404504,-0.0009350255626914052,0.0,1.6863978395216492e-08,61.75284716925932
2021-08-16,66.06315762119557,4.132947538075316,-5.474995651270206,0.0044918163830478626,68.27090059905703,6.619827660487764e-08,62.242594874305254
2021-08-17,64.58748611391738,4.108531966956713,-8.3628510540482,-0.042110314393607004,0.0,8.138650553023561e-08,60.837497913379835
2021-08-18,67.8136493831535,4.159210024080155,-3.6874112375445662,0.1720537420248841,67.01100170789164,7.259462062017391e-08,64.1143392397394
2021-08-19,69.43173640279196,4.183357743965578,0.6637464112234426,0.06008914854582527,67.01100170789164,5.296717805333221e-08,65.75657397926327
2021-08-20,71.97758303505088,4.220153269487056,3.4729179721333594,0.10311481302638129,67.70443566702265,5.189984749187394e-08,68.19642843475995
2021-08-23,73.96520850008284,4.249402169234706,4.480996836905305,0.08267310429265601,68.96917198346549,5.094927702216746e-08,70.11611056696485
2021-08-24,71.58708320241641,5.716237386939549,0.9058836880050478,-0.1163650600224176,0.0,7.126900583246716e-08,67.58588948250271
2021-08-25,72.97687942936376,6.319604899499186,1.710462324413001,0.037265048676560025,68.96917198346549,6.159856312035446e-08,69.00187632239171
2021-08-26,71.69050232298608,6.538246933488601,3.019281135869761,-0.0376243374580819,0.0,4.8532938845633174e-08,67.69166282325834
2021-08-27,70.96006829070268,6.318235480945782,0.6802467789318456,-0.010610415692691142,0.0,2.436885360551009e-08,66.95088855200221
2021-08-30,68.82741281754029,5.428750690974225,-1.7104489308923831,-0.11721501657280108,0.0,1.0447091504620921e-07,64.78986091568886
2021-08-31,67.81632630988125,4.156400794969196,-3.383860711881944,-0.016994495234667933,0.0,3.272838323532361e-08,63.76021588491206
2021-09-01,67.70700818832498,4.15461235359851,-3.7695232953891775,-0.0002141424450829403,0.0,5.368518391699832e-09,63.649109321985115
2021-09-02,67.36526328435579,4.153281961817843,-0.23218260894645226,-0.0035983600847142995,0.0,6.847512625405443e-08,63.33876127708576
2021-09-03,67.15635273476425,4.14761428254264,-1.6554478846666285,-0.0008571103849290318,0.0,1.2727089260765316e-08,63.239402939209725
2021-09-06,66.96631522357045,4.146422071747877,-3.983260232300715,-0.0005019368187683681,0.0,9.075178042802417e-09,63.12266028967299
2021-09-07,67.21044951526474,4.1454908200023,-3.0879895854998907,0.0022789101415477742,68.96917198346549,1.3051702816106543e-08,63.373005028154466
2021-09-08,64.97584110300974,4.111033866932793,-6.125617470326716,-0.09393150898013831,0.0,2.4601536711837783e-07,61.10924811281375
2021-09-09,63.456081668534246,4.084819634897467,-6.358632343412495,-0.05378598251066745,0.0,8.163741902270431e-08,59.58584975898883
2021-09-10,62.20887654949893,4.066753777563427,-6.002366302224843,-0.03953928473941954,0.0,5.592700364174797e-08,58.32531941868182
2021-09-13,62.55503598971804,4.0748495343188536,-5.300714280984394,0.0038279434101612304,68.96917198346549,4.205584597536844e-08,58.68327562440243
2021-09-14,61.9028464352647,4.062789867753416,-5.483443376019899,-0.007530517738979319,0.0,4.9850394433408746e-08,58.15476177136694
2021-09-15,62.11662071345298,4.074003084480055,-5.43731759664707,0.004044454266964708,68.96917198346549,1.6895031263626898e-08,58.48145928633658
2021-09-16,62.380278077287116,4.073346115629201,-4.967398048181941,0.0030041586371210623,68.96917198346549,1.0595222621052117e-08,58.813782449268125
2021-09-17,62.26330143295664,4.0686574834343565,-4.779924206989868,-0.001151081282076928,0.0,1.168848696779508e-08,58.684841704914234
2021-09-20,60.22839536503134,4.040166409183239,-7.00158873159328,-0.08466286882885715,0.0,4.375817450797541e-08,56.62144456273782
2021-09-21,60.52366630122496,4.034198496616099,-7.328357837973385,0.0025466850250961686,68.96917198346549,1.0844422078378728e-08,56.910747586364295
2021-09-22,60.47091454402395,4.041542305831433,-4.165068502786404,-0.00039029787370595357,0.0,1.573931131976582e-08,56.86533963837862
2021-09-23,61.791981525339686,4.063414031102226,-3.652447968128243,0.051142302814010894,68.96917198346549,4.0066674587393995e-08,58.20827834496515
2021-09-24,62.39361456020785,4.0672649432657435,-3.3593144267219657,0.013440147599019509,68.96917198346549,1.7003235844126144e-07,58.916739126549636
2021-09-27,64.75350105836847,4.114084071463963,-1.165327798944844,0.1296896270407169,68.96917198346549,2.2182839433350087e-07,61.24049030756455
2021-09-28,63.61921977175183,4.091342591957716,-1.037159547429276,-0.027613899570715562,0.0,8.205383038739357e-08,60.06876775797771
2021-09-29,63.07557548096266,4.087589736444989,-4.424851420331585,-0.011291046353848958,0.0,2.2848834851065646e-08,59.44331572362608
2021-09-30,62.344653031454705,4.07370932075537,-6.811131416250831,-0.0159018310559928,0.0,3.215579795461931e-08,58.6985128584285
2021-10-01,63.03648009347315,4.085681203537893,-8.561468941467552,0.013086861927468675,68.96917198346549,3.660671499963078e-08,59.40231180322947
2021-10-04,62.86712069429484,4.079130203517299,-10.969466004885462,-0.0005977299647639046,0.0,9.44384544493653e-09,59.22640140403057
2021-10-05,63.00711543504323,4.083395806900347,-8.098682688626496,0.0012005963585368414,68.82369700574112,1.0053296930482563e-08,59.37066174816201
2021-10-06,60.781091577597465,4.046143545273009,-12.058578010664064,-0.1136470688103248,0.0,5.1923739693718033e-08,57.13996982922502
2021-10-07,60.597113729648264,4.042461761907467,-10.637900704993676,-0.0011205077032235347,0.0,1.800335622979183e-08,56.95231019791028
2021-10-08,59.75637969848928,4.02419281229711,-10.973725384020675,-0.023165305128232203,0.0,5.658504615161356e-08,56.09330721714094
2021-10-11,59.46144983531545,4.023633038219289,-9.133355652522447,-0.0020746935397260996,0.0,1.1003767541685262e-08,55.79781757988928
2021-10-12,59.41889160727164,4.024064072682072,-7.913390764146143,0.0004834750032523051,63.63754108030557,3.022565889758602e-08,55.88143912457693
2021-10-13,59.42801602264505,4.026698072314492,-7.651807969500261,0.00013894817565327224,63.03583770205931,9.098105175219184e-09,55.907104667832854
2021-10-14,59.61058712534214,4.02669859487614,-7.5670528206519805,0.0017400466630411635,63.03583770205931,8.860751966800141e-09,56.158305816720315
2021-10-15,59.89193376521189,4.037294317757011,-6.610048478638355,0.0025193620169440285,63.03583770205931,1.201076685332827e-08,56.44087391479254
2021-10-18,59.889632829968924,4.027660741140295,-7.077987314269912,-2.548106249832088e-05,0.0,3.606529423580601e-09,56.42893744636926
2021-10-19,59.206788376856174,4.020729112331541,-7.406875897947771,-0.013954807010711442,0.0,1.284774902488964e-07,55.73916136444776
2021-10-20,60.1293043738922,4.034740570021556,-4.481507736837152,0.01944479640332525,60.192062762612686,4.749830346778268e-08,56.67568881917379
2021-10-21,60.956378053977126,4.050643852868954,-1.9967930045110123,0.01563955919498191,60.192062762612686,2.0582153579671588e-08,57.51866578210612
2021-10-22,61.96443199227173,4.068867029608114,0.1234749873583425,0.022090573606919982,60.192062762612686,1.2265658894349533e-07,58.51477169185305
2021-10-25,61.959971106477674,4.07419523961206,-0.03848717226247089,-0.0003323109900837084,0.0,8.864478567722312e-09,58.45561605844585
2021-10-26,63.15834181303346,4.091387489817863,1.6865601582252268,0.038434449404618896,60.192062762612686,3.496810763603606e-08,59.60181083732439
2021-10-27,61.94340102260451,4.069829107295726,-0.24488437596399848,-0.04128929952715324,0.0,4.732347381692053e-08,58.3616318335173
2021-10-28,61.80515719931415,4.06281517609914,-0.6154802226965046,-0.0013217638047974057,0.0,2.1120241649459793e-08,58.21637407903036
2021-10-29,60.172486528983086,4.03459358011618,-1.9584569056493777,-0.06060906646417374,0.0,2.182866847633762e-07,56.55548181271633
2021-11-01,59.68060664511008,4.030766465470131,-0.5317501947040668,-0.008338212451021856,0.0,5.962848873247372e-08,56.059774814197276
2021-11-02,59.28711372397712,4.025572893613006,-0.48523032204705174,-0.0037382418174853544,0.0,1.3724683851035638e-08,55.66108832120719
2021-11-03,57.582446676017675,3.9904732957821354,-2.8335746569249096,-0.0771487066980063,0.0,4.858976746875596e-08,53.94810856960215
2021-11-04,58.63686465404574,4.005477286826185,-3.2745551789113065,0.03249008084195771,60.192062762612686,8.951597510587911e-08,55.12436716435034
2021-11-05,58.27710156333814,4.0051076572264925,-3.5192927306988224,-0.0023458485411700335,0.0,3.49085780756612e-08,54.77860676421612
2021-11-08,56.40020359719017,3.968467829006136,-8.292725658467276,-0.06845735471980088,0.0,6.438575927081876e-08,52.88452894149434
2021-11-09,56.051707258644555,3.960842181873938,-7.3186287019674765,-0.0016210711170287358,0.0,1.2541904069146606e-08,52.65860632340034
2021-11-10,55.98423405822436,3.962626518281308,-7.000789032418403,-0.0005273762635165024,0.0,1.4706865004287996e-08,52.592917459387515
2021-11-11,54.77826416249954,3.942326470633436,-7.236208066412317,-0.04506334514340394,0.0,5.378843924090828e-08,51.36664751601483
2021-11-12,54.476236856578545,3.9351017682306186,-8.315086701258664,-0.0010525526248099076,0.0,1.2376418251098802e-08,51.13786547654547
2021-11-15,54.56167866205659,3.941495925446593,-7.598470439455113,0.0005353016708728661,59.343965458074976,4.4326986291077214e-08,51.25738110668937
2021-11-16,55.579412029834174,3.9526716200453684,-7.272353936154204,0.03531939573449149,58.930313931237,2.4659124577298586e-07,52.28629016906572
2021-11-17,55.70104088619432,3.9612255468995707,-4.654878344324111,0.0017970751371207787,58.930313931237,2.0143480384581586e-08,52.48324390734964
2021-11-18,55.34613735447887,3.952309207882056,-4.910973093379134,-0.00393634084172603,0.0,1.7793707993362107e-08,52.08350131162807
2021-11-19,55.17629137014442,3.954597980532127,-3.760425920239733,-0.001601355537384361,0.0,1.0136510748246687e-08,51.915944099943694
2021-11-22,55.74337356813465,3.960762119087776,-3.4065182005669,0.006716532526095514,58.930313931237,3.6576269102377655e-08,52.48919043648957
2021-11-23,55.373996570261454,3.952423650938196,-3.8665470969532976,-0.00528513861573515,0.0,2.190012591774778e-08,52.11106210846243
2021-11-24,55.72245375204205,3.9590589148338706,-3.6674657883489274,0.004301784061224608,58.930313931237,1.6839993667061476e-08,52.4661545541387
2021-11-25,54.906057773439564,3.9403432297116807,-4.639224729631387,-0.01665139859131693,0.0,3.396303118715972e-08,51.63104289041402
2021-11-26,55.249863575496036,3.9528587447939425,-4.5887473804795675,0.002629528820733869,58.930313931237,6.704464842170265e-08,51.98736420755276
2021-11-29,54.40927009687382,3.9407108688305765,-4.674290049265885,-0.025004506607455356,0.0,4.4672178053055796e-08,51.134622852967176
2021-11-30,54.43926381931497,3.929946910510128,-4.837457883555452,7.540803162032465e-05,58.930313931237,1.1510662095545233e-08,51.15385261708787
