date,atr_norm_60,close
2020-01-01,,101.02342830602247
2020-01-02,,101.6175294940543
2020-01-03,,100.69387820771355
2020-01-06,,95.46273252925883
2020-01-07,,93.75772215998543
2020-01-08,,98.58528483035042
2020-01-09,,97.43057768928405
2020-01-10,,96.41993263775946
2020-01-13,,96.85163089276757
2020-01-14,,97.3041959317447
2020-01-15,,97.10832592795073
2020-01-16,,94.52198531375716
2020-01-17,,93.27066168192171
2020-01-20,,94.96694224428187
2020-01-21,,95.62461383011004
2020-01-22,,97.90949961208054
2020-01-23,,98.64702450704648
2020-01-24,,105.32995843792922
2020-01-27,,105.54493070705401
2020-01-28,,104.44849523483254
2020-01-29,,102.79091097881935
2020-01-30,,103.35033379813517
2020-01-31,,101.93019046634984
2020-02-03,,96.54791751849307
2020-02-04,,96.26544590201178
2020-02-05,,96.25860950641929
2020-02-06,,96.40344061445526
2020-02-07,,95.32428274730482
2020-02-10,,97.53165533414702
2020-02-11,,100.30195482207978
2020-02-12,,98.34499081386866
2020-02-13,,98.39248032306908
2020-02-14,,96.61270944965796
2020-02-17,,95.9523711920498
2020-02-18,,92.8963203432551
2020-02-19,,90.24869820672609
2020-02-20,,90.72790588926425
2020-02-21,,91.16573747740979
2020-02-24,,94.59498138415432
2020-02-25,,93.20220380472469
2020-02-26,,94.76252083729712
2020-02-27,,96.45625600194074
2020-02-28,,95.97463673355206
2020-03-02,,96.08400955332336
2020-03-03,,95.68341074818812
2020-03-04,,94.84625317890304
2020-03-05,,95.28082684405257
2020-03-06,,95.74952032580428
2020-03-09,,96.4634045445417
2020-03-10,,98.23856648161382
2020-03-11,,99.27998897900585
2020-03-12,,99.77102017617193
2020-03-13,,98.83244715576006
2020-03-16,,98.04271303489523
2020-03-17,,98.19816959812678
2020-03-18,,102.91960821140718
2020-03-19,,98.78194646204986
2020-03-20,,97.28674522964134
2020-03-23,,100.75103719098657
2020-03-24,0.02158349670085996,101.54152230361231
2020-03-25,0.021247215322237667,104.14486649453997
2020-03-26,0.02128845166994501,103.68164687235343
2020-03-27,0.021367701693353242,103.18901772873616
2020-03-30,0.02039198103573126,102.95495996873736
2020-03-31,0.020828735041478894,100.96482277917576
2020-04-01,0.02007637537555861,102.30192556581746
2020-04-02,0.020098334462583342,106.69688457395699
2020-04-03,0.02038561668254712,105.6908764254796
2020-04-06,0.020810941519558944,104.47677413449277
2020-04-07,0.020721519023436434,105.26455808096426
2020-04-08,0.02080897334321471,106.86940807038917
2020-04-09,0.02102368598414106,105.47112290401397
2020-04-10,0.020642892187355842,107.24391602470715
2020-04-13,0.020809506019088927,106.15391440003891
2020-04-14,0.020770225587274805,106.87399111902754
2020-04-15,0.02186451774183469,103.07559307402829
2020-04-16,0.021593446176348487,104.3931461577886
2020-04-17,0.021995875598158632,100.06079353553328
2020-04-20,0.021959902595153364,100.91717675340594
2020-04-21,0.022170692930400887,100.0728967763872
2020-04-22,0.023153431210663315,97.20463874881682
2020-04-23,0.023676541015056604,95.94248036697233
2020-04-24,0.023251032196364065,97.61698294229453
2020-04-27,0.022819620089676897,96.31410351609028
2020-04-28,0.022790280211144976,97.343405625812
2020-04-29,0.023026569450089313,96.70444110372637
2020-04-30,0.022973991500493368,97.16686720023796
2020-05-01,0.02268099491613425,101.6185891760011
2020-05-04,0.022168988072398185,103.42195460100722
2020-05-05,0.02168683598192284,103.22352523517797
2020-05-06,0.022935109629586968,98.86977221484493
2020-05-07,0.024692320230034648,95.1172559933896
2020-05-08,0.025707710136902106,92.63425197172451
2020-05-11,0.025667420215275513,92.52566403435227
2020-05-12,0.02656922242149913,89.38324353587636
2020-05-13,0.028046160713760482,85.02623122746087
2020-05-14,0.028002140516004706,85.06065613732362
2020-05-15,0.028309349168445876,84.55365429401625
2020-05-18,0.027317405831549242,85.7824131581526
2020-05-19,0.02694646112037734,86.22390724973444
2020-05-20,0.026601439187697116,89.80348918071151
2020-05-21,0.02592442716837426,92.50485927071624
2020-05-22,0.025656082667344662,94.49079889259147
2020-05-25,0.02560593135892478,94.89736335533128
2020-05-26,0.027253512415496776,91.69290251872634
2020-05-27,0.026800250592448064,93.77924189972465
2020-05-28,0.02655023602581104,94.4949617843092
2020-05-29,0.026031974300079957,98.40722822314254
2020-06-01,0.026268992666803978,97.39312674224475
2020-06-02,0.02717248562021451,94.6289367002513
2020-06-03,0.02763125903803228,93.33303976519375
2020-06-04,0.027484482986688947,94.95022930576783
2020-06-05,0.027504611564180978,94.45638994024978
2020-06-08,0.027261077017954494,96.09313421790543
2020-06-09,0.02729879432180081,95.87612211243095
2020-06-10,0.026318239822676892,95.54649018198387
2020-06-11,0.025478857623264767,98.79916336246
2020-06-12,0.025164407295181046,103.52043828370748
2020-06-15,0.025210459985867847,101.73860670800049
2020-06-16,0.025004523541748733,101.8254730260345
2020-06-17,0.025159038392544113,100.53098092050823
2020-06-18,0.02725978177714937,95.5290428203675
2020-06-19,0.027707617554524177,94.45573327050515
2020-06-22,0.02726961672233364,98.34413669367811
2020-06-23,0.02748150162428046,96.87239867821184
2020-06-24,0.028548739573958207,93.94822679320195
2020-06-25,0.027889820667210297,92.75163433148401
2020-06-26,0.02821618070457757,91.66278824610339
2020-06-29,0.030611691649729274,87.15913055388094
2020-06-30,0.030289638050705014,87.48114743018705
2020-07-01,0.029466654366699953,89.55057006846388
2020-07-02,0.02938725143577865,89.00703659581856
2020-07-03,0.028902947782289922,90.58446327395463
2020-07-06,0.029377645162997554,89.38618840469559
2020-07-07,0.029053943157698374,89.99746009773571
2020-07-08,0.028993332174754954,88.43183558723295
2020-07-09,0.028728127920625113,89.05704231099742
2020-07-10,0.028212035992969304,88.21564023834041
2020-07-13,0.0280528228978368,88.36837015912705
2020-07-14,0.027534387372275277,90.6694382699946
2020-07-15,0.026666032168927805,92.27357270732044
2020-07-16,0.027348721652707134,90.34803473069316
2020-07-17,0.026905553243856743,91.55755216204935
2020-07-20,0.02695164871577152,91.21357736093148
2020-07-21,0.026606518518109103,92.11843288954654
2020-07-22,0.027925032799888685,89.67463190453783
2020-07-23,0.028919971972861048,87.9266853343563
2020-07-24,0.027368971623284208,92.41743721322867
2020-07-27,0.0281506857058386,90.57444059331583
2020-07-28,0.027898412061266333,92.90243114278132
2020-07-29,0.027335227145641548,92.47369931032296
2020-07-30,0.02633738397114632,94.4997238409815
2020-07-31,0.02598522846251753,94.0198756181059
2020-08-03,0.026431750997735416,92.77398775990625
2020-08-04,0.026130527790357672,91.73740171614162
2020-08-05,0.02521711364638198,94.31262152527368
2020-08-06,0.0254979648330684,93.69452000449313
2020-08-07,0.025241204646849365,95.28399858589364
2020-08-10,0.024765202839587615,97.0956873592597
2020-08-11,0.024632042114485827,97.3165718485379
2020-08-12,0.023969624837419604,96.87801394255477
2020-08-13,0.023293080354713676,100.09707124736423
2020-08-14,0.022894587925882715,100.77999957600818
2020-08-17,0.023900197844324872,98.30786370530765
2020-08-18,0.02418244313397339,95.81983057902964
2020-08-19,0.02381640793573226,97.71097423870752
2020-08-20,0.023710439377747212,98.34179974519594
2020-08-21,0.024014953775417777,95.83713760107315
2020-08-24,0.02382575847427201,96.24127371557975
2020-08-25,0.023575839210998463,95.367118614648
2020-08-26,0.023213512037904623,95.88406511105617
2020-08-27,0.02293246623648453,95.60964205922858
2020-08-28,0.022749809102995774,96.62818882496202
2020-08-31,0.02371704848035753,93.71192063061513
2020-09-01,0.024627526561300433,91.96063434046404
2020-09-02,0.024455937367688665,93.10566721572934
2020-09-03,0.023438888362869385,95.27367611303544
2020-09-04,0.02219070943847584,99.06562054395344
2020-09-07,0.021744971606758666,100.34833753224329
2020-09-08,0.02299920139524613,97.73055468747071
2020-09-09,0.02277811370787716,98.85404647357792
2020-09-10,0.023399042728828714,95.86558611390808
2020-09-11,0.023067621085914584,96.71805783738942
2020-09-14,0.02238049352997662,97.61103580244755
2020-09-15,0.022163994750326686,97.69560283371504
2020-09-16,0.022734472676177984,94.97935260070172
2020-09-17,0.022374345195909758,97.39326448310871
2020-09-18,0.022724676255780348,96.15523083160467
2020-09-21,0.02166005121072958,96.34231812050461
2020-09-22,0.02158313608310288,98.72808331269361
2020-09-23,0.021641468996849482,97.87802953671002
2020-09-24,0.021718906052559085,97.31941909107505
2020-09-25,0.02146494106175591,97.28110465496795
2020-09-28,0.02138835900701643,96.9878545528265
2020-09-29,0.022154084827312577,94.83914290658157
2020-09-30,0.0217717581194903,97.08133545113189
2020-10-01,0.022119132406701283,95.90055356218647
2020-10-02,0.022314137038819966,95.21313979751456
2020-10-05,0.022679993442603814,94.19012594116315
2020-10-06,0.022940784938902132,92.6357814968214
2020-10-07,0.02254527365169158,93.19319950872435
2020-10-08,0.023715474375150848,89.96210370818646
2020-10-09,0.023951185990858825,89.0577843120105
2020-10-12,0.023670533223958058,91.23191295384065
2020-10-13,0.023453195465093512,92.32474023522585
2020-10-14,0.022813569706210214,93.10140843572688
2020-10-15,0.022202798511716696,95.70295783321154
2020-10-16,0.02151875145461824,95.0228478859711
2020-10-19,0.02098497612785689,95.10598303908179
2020-10-20,0.020509777121941908,95.18138705389744
2020-10-21,0.020677275974461486,94.62404628385707
2020-10-22,0.020337022949806834,96.94040876645178
2020-10-23,0.02056327457208346,96.10394174744945
2020-10-26,0.021702225886513445,92.65388923427115
2020-10-27,0.02185659869081,91.64595974248711
2020-10-28,0.021443038219803447,91.43327071895887
2020-10-29,0.022560458614041157,88.81276776094307
2020-10-30,0.02211598084637739,90.83210932676015
2020-11-02,0.021790975020590565,92.04054184917277
2020-11-03,0.021664948335099982,93.72099696428079
2020-11-04,0.022571733959045263,91.40320281186547
2020-11-05,0.021982278523536694,91.92359663203523
2020-11-06,0.02173923842121644,93.13280146551068
2020-11-09,0.02114936212702566,95.48757450998598
2020-11-10,0.021180860542166013,94.22447957552166
2020-11-11,0.02196274039453534,91.25376142530622
2020-11-12,0.02213846604112674,90.45564449477554
2020-11-13,0.021638624090630207,91.15600888448536
2020-11-16,0.02163810700432085,91.17678782544378
2020-11-17,0.02213129895810181,89.60614243664426
2020-11-18,0.02290079013479566,87.83799817389452
2020-11-19,0.023273168287193776,86.99745385409334
2020-11-20,0.023179161310838803,87.12730689735821
2020-11-23,0.02282220073171021,86.1437035991144
2020-11-24,0.02223764617028394,88.43925078845885
2020-11-25,0.022323129306760656,87.81217826485744
2020-11-26,0.022190205853639136,87.27591401966036
2020-11-27,0.021297875309861318,88.38202547296814
2020-11-30,0.021055748103882728,88.47571656812049
2020-12-01,0.02038924859281853,90.4328809970484
2020-12-02,0.020969156545472333,88.24302045469634
2020-12-03,0.021399374691003413,85.51312226450463
2020-12-04,0.0213857537401952,85.24353821306336
2020-12-07,0.02109591953729026,86.17756852723234
2020-12-08,0.02096483621059933,87.05490820244856
2020-12-09,0.020461930983627946,87.64479248260282
2020-12-10,0.02000715456975241,89.02379338742493
2020-12-11,0.019609900389117887,89.71689713217611
2020-12-14,0.01982764563796446,88.90459818998188
2020-12-15,0.020995541228470787,85.20588681546724
2020-12-16,0.02063537612162331,87.7889199586717
2020-12-17,0.02052933567011481,89.30253966278426
2020-12-18,0.0204049185143755,91.16946900503487
2020-12-21,0.020277969604915423,91.28504475657364
2020-12-22,0.019840435114128346,92.6500119147823
2020-12-23,0.019373074131716836,92.93600877754166
2020-12-24,0.01905717194713879,96.84559377806087
2020-12-25,0.019739222472782203,95.05691781608347
2020-12-28,0.01994598393317936,93.89956379476659
2020-12-29,0.01974629409420574,93.86972695376856
2020-12-30,0.019555314715650984,95.97339622119621
2020-12-31,0.019495142582118007,94.52107242560632
2021-01-01,0.019427973413083274,94.42818024126251
2021-01-04,0.01899444509836509,95.52241963672473
2021-01-05,0.01878637063085587,96.69237836587989
2021-01-06,0.018524416397379694,96.9544146315562
2021-01-07,0.01812186742134463,100.07538705658627
2021-01-08,0.01907476095650026,97.51716929701716
2021-01-11,0.01970503031757839,96.20429497355633
2021-01-12,0.02000665977752197,95.35915125731053
2021-01-13,0.01992726791835587,97.33798797263293
2021-01-14,0.019477342463696045,96.87527103983483
2021-01-15,0.019815798198271336,95.44352314312884
2021-01-18,0.019280961341411537,97.32547992963283
2021-01-19,0.019845414808014848,95.42835690674019
2021-01-20,0.02058182677975381,93.6072028872743
2021-01-21,0.021230513605783055,90.65297129588338
2021-01-22,0.021380511081237414,89.63047240018237
2021-01-25,0.021087916519700805,89.7449485655984
2021-01-26,0.02087672588205015,91.8349643380343
2021-01-27,0.020932510361133538,90.54301671506107
2021-01-28,0.0207632899886621,91.00383985643793
2021-01-29,0.020508107910742267,92.18466360393602
2021-02-01,0.020015136282139058,94.47007709176081
2021-02-02,0.019833717384437746,94.33161787661712
2021-02-03,0.020475597613001675,91.65143242758997
2021-02-04,0.020293245140533215,92.72189014200607
2021-02-05,0.02099744469126727,90.70837999437309
2021-02-08,0.020973253031938036,91.15971933485233
2021-02-09,0.021838450520352957,89.04918357492055
2021-02-10,0.021356077079917244,92.05472244035009
2021-02-11,0.021881343135253428,90.25838059988597
2021-02-12,0.022458568361087845,88.95770328404835
2021-02-15,0.02283729367557365,88.0344840467217
2021-02-16,0.02227978907235847,90.19678299425436
2021-02-17,0.022663375283308203,89.27232130679013
2021-02-18,0.0233028492947675,87.89576092993785
2021-02-19,0.023803995954345316,86.43124404777458
2021-02-22,0.02387313199666939,86.44667909225097
2021-02-23,0.023767211001298267,85.71432494651282
2021-02-24,0.023936414911036912,84.5947407992523
2021-02-25,0.02422546985121572,82.86634180223392
2021-02-26,0.02422584376368195,82.84972385442167
2021-03-01,0.026253596294494287,78.68947694501932
2021-03-02,0.026130314230600197,78.8022388472854
2021-03-03,0.028886308359825443,74.2738347715929
2021-03-04,0.028181972088826997,76.57001160998387
2021-03-05,0.028607422612240373,75.5383581850084
2021-03-08,0.028897965731527826,74.63431109026003
2021-03-09,0.02943324029007585,72.36647496384838
2021-03-10,0.030160727481611183,70.40986104418758
2021-03-11,0.02944009125668251,71.66828735104458
2021-03-12,0.029465233330034476,70.90681975562447
2021-03-15,0.03035545913165565,69.51831357186585
2021-03-16,0.029988502456706742,69.50120575514566
2021-03-17,0.032234470249473374,66.32125177163016
2021-03-18,0.031881653557230445,65.45367331607768
2021-03-19,0.031261588615805205,65.3576623872194
2021-03-22,0.030573891428375292,67.07884504009617
2021-03-23,0.03043504006334434,67.21789505516975
2021-03-24,0.030160057011465603,66.74693750973651
2021-03-25,0.030314808658335416,65.69568294467553
2021-03-26,0.03110792220983067,64.3398410097675
2021-03-29,0.031471776217770905,63.35323777624006
2021-03-30,0.030812686632354844,64.63430066507952
2021-03-31,0.03076409551005433,65.01716784265102
2021-04-01,0.030457940164940002,64.19987833711518
2021-04-02,0.029467436225351307,65.17674529225124
2021-04-05,0.029996700669039072,63.83435306148469
2021-04-06,0.030269079417789002,63.23582795568572
2021-04-07,0.029484229784274795,64.34305377347934
2021-04-08,0.02919346047291265,65.44018353082835
2021-04-09,0.0286246638627528,66.32739702350247
2021-04-12,0.02814936027173286,66.22210659196153
2021-04-13,0.027574810148992965,67.88200749488911
2021-04-14,0.028870106543366216,65.3239739811657
2021-04-15,0.027646842461052444,67.02860668035682
2021-04-16,0.027214882560206283,68.15931830006278
2021-04-19,0.027790207776169005,67.38840444363498
2021-04-20,0.02746547804663925,66.71500350772384
2021-04-21,0.02778857815823977,65.68772813456638
2021-04-22,0.028141123665317187,65.11074084844824
2021-04-23,0.027737097658083198,67.37915198614871
2021-04-26,0.026613359876084083,69.66477722355351
2021-04-27,0.02694728674586093,68.91677516086857
2021-04-28,0.025905624796428838,71.50296756378
2021-04-29,0.02555987941144013,72.63752098969019
2021-04-30,0.02508135339839505,74.28043942246238
2021-05-03,0.025919949605329062,72.60662017265554
2021-05-04,0.025140140226093528,73.3255122305393
2021-05-05,0.02528441206864131,71.8455294139343
2021-05-06,0.02475852619179272,73.51580768840056
2021-05-07,0.024663750891651872,72.81909922909456
2021-05-10,0.02472306903335825,72.07230024189639
2021-05-11,0.024539216896601296,71.42215547824233
2021-05-12,0.024318735123653738,71.16916241535462
2021-05-13,0.0238568181643908,71.1513489091514
2021-05-14,0.023322212197939805,71.67755366523116
2021-05-17,0.02322560113900847,71.55548094749706
2021-05-18,0.023658247738766035,70.37441275374287
2021-05-19,0.023311095655814126,70.36545086173085
2021-05-20,0.022738467413881705,70.5296054196052
2021-05-21,0.022682716702573335,70.645260878284
2021-05-24,0.02163935951742049,71.91632000543852
2021-05-25,0.021555059387532702,72.36012702523676
2021-05-26,0.0207843140026129,71.2118878394997
2021-05-27,0.020238465011456118,71.51890962939692
2021-05-28,0.020263633914173965,71.11762955736972
2021-05-31,0.021078069991671364,69.614005144469
2021-06-01,0.02077565117155714,69.01061848849444
2021-06-02,0.020271290367164782,69.06002140658798
2021-06-03,0.020450535935761113,68.2126758499224
2021-06-04,0.020285566360960502,68.4004930627046
2021-06-07,0.020226144018641826,67.9278820389517
2021-06-08,0.020248122568795598,69.14801593895332
2021-06-09,0.019321554425919683,70.60481078838234
2021-06-10,0.019103098265793664,70.78594094969768
2021-06-11,0.019046541345356795,72.48925700831467
2021-06-14,0.018744858380448117,73.21376222088163
2021-06-15,0.018884930977316743,72.84689268840414
2021-06-16,0.019602463955086403,71.47719251536799
2021-06-17,0.019382398782075167,71.77242328922213
2021-06-18,0.019919369888640938,70.26894385617115
2021-06-21,0.01976477902423866,70.33601484850392
2021-06-22,0.019359723756228287,70.63055999539965
2021-06-23,0.01920823385647655,73.20557527336464
2021-06-24,0.020848347730543663,70.12090477537603
2021-06-25,0.020591589825320455,70.9074049292532
2021-06-28,0.020524209763338814,70.37310607656028
2021-06-29,0.021555716153549818,68.25705863627381
2021-06-30,0.021857861520061746,67.04385513591338
2021-07-01,0.021822716393728684,66.52484620096726
2021-07-02,0.02158453511426883,66.7129512966729
2021-07-05,0.02158044101470536,68.10549424020437
2021-07-06,0.020955592861391578,68.99048627490178
2021-07-07,0.020902470650750182,67.6778561930363
2021-07-08,0.02215730623553263,64.75732720809167
2021-07-09,0.021857969875861617,64.48941202341898
2021-07-12,0.021454337942571493,65.4616679172095
2021-07-13,0.021174364550905253,66.64477333885158
2021-07-14,0.02082322879652682,67.1543223658906
2021-07-15,0.022091557179785393,64.64248202224796
2021-07-16,0.02129432227253688,65.89047959544979
2021-07-19,0.02066238632317191,66.87792048416699
2021-07-20,0.020516947430761837,66.9916827202008
2021-07-21,0.01973123498515071,67.36704452414315
2021-07-22,0.021611253579095935,63.74507923266877
2021-07-23,0.020985125607654784,64.89351458025794
2021-07-26,0.020388491550657768,67.04144387658938
2021-07-27,0.02036982956835797,66.71751580333799
2021-07-28,0.01984269302546636,66.79571199617736
2021-07-29,0.019638573069043378,66.22849789099922
2021-07-30,0.020581051399882266,64.38560057682922
2021-08-02,0.020497564277985315,64.14101894722545
2021-08-03,0.020481430910103498,63.76360154751543
2021-08-04,0.02042848053523408,64.26395542507308
2021-08-05,0.020661610965384995,63.873161253703124
2021-08-06,0.020852196070897715,63.38247248819903
2021-08-09,0.02084899522332865,63.74011018211749
2021-08-10,0.02049400696402911,63.943909833314095
2021-08-11,0.022327792169031444,61.21118320625333
2021-08-12,0.022290779288549858,61.85625614768897
2021-08-13,0.02234363656637099,61.75284716925932
2021-08-16,0.021715857977076505,62.242594874305254
2021-08-17,0.022486743457145693,60.837497913379835
2021-08-18,0.02186012460862857,64.1143392397394
2021-08-19,0.021778302804867356,65.75657397926327
2021-08-20,0.02153171406645842,68.19642843475995
2021-08-23,0.02105888681942535,70.11611056696485
2021-08-24,0.022361574765900293,67.58588948250271
2021-08-25,0.022228200053355573,69.00187632239171
2021-08-26,0.02289761324804226,67.69166282325834
2021-08-27,0.023272125867877958,66.95088855200221
2021-08-30,0.02468526575874019,64.78986091568886
2021-08-31,0.024903914807489748,63.76021588491206
2021-09-01,0.02448879170983097,63.649109321985115
2021-09-02,0.024675641048897662,63.33876127708576
2021-09-03,0.0242804379485743,63.239402939209725
2021-09-06,0.024052401533708138,63.12266028967299
2021-09-07,0.023947449393998912,63.373005028154466
2021-09-08,0.024979822973932,61.10924811281375
2021-09-09,0.025998080464852535,59.58584975898883
2021-09-10,0.026520288847323967,58.32531941868182
2021-09-13,0.02640033915883992,58.68327562440243
2021-09-14,0.02672760080967864,58.15476177136694
2021-09-15,0.02589842615319195,58.48145928633658
2021-09-16,0.024599581303354788,58.813782449268125
2021-09-17,0.02440259858793658,58.684841704914234
2021-09-20,0.02568245321164148,56.62144456273782
2021-09-21,0.024890173001547885,56.910747586364295
2021-09-22,0.02460901255150234,56.86533963837862
2021-09-23,0.024480162263468972,58.20827834496515
2021-09-24,0.024411808117988026,58.916739126549636
2021-09-27,0.023768232965558758,61.24049030756455
2021-09-28,0.02432181281460349,60.06876775797771
2021-09-29,0.024383785924676205,59.44331572362608
2021-09-30,0.024165671320722122,58.6985128584285
2021-10-01,0.024042110675717498,59.40231180322947
2021-10-04,0.023892393416585306,59.22640140403057
2021-10-05,0.023566992833226746,59.37066174816201
2021-10-06,0.02517083428739738,57.13996982922502
2021-10-07,0.024484943972737625,56.95231019791028
2021-10-08,0.02468257596202827,56.09330721714094
2021-10-11,0.024626709522060985,55.79781757988928
2021-10-12,0.02458159671591523,55.88143912457693
2021-10-13,0.024392892820866045,55.907104667832854
2021-10-14,0.023062172286470877,56.158305816720315
2021-10-15,0.022637168384922,56.44087391479254
2021-10-18,0.021941815532737777,56.42893744636926
2021-10-19,0.022313047543655474,55.73916136444776
2021-10-20,0.022197811835486553,56.67568881917379
2021-10-21,0.021992498602679877,57.51866578210612
2021-10-22,0.02136546926187536,58.51477169185305
2021-10-25,0.021383341914838126,58.45561605844585
2021-10-26,0.02133632851727848,59.60181083732439
2021-10-27,0.022136700437329845,58.3616318335173
2021-10-28,0.02210317469382983,58.21637407903036
2021-10-29,0.02314622283798979,56.55548181271633
2021-11-01,0.023434814189755713,56.059774814197276
2021-11-02,0.023611174974603032,55.66108832120719
2021-11-03,0.024058366620519044,53.94810856960215
2021-11-04,0.023681923022919122,55.12436716435034
2021-11-05,0.023774592235008815,54.77860676421612
2021-11-08,0.02504855736738471,52.88452894149434
2021-11-09,0.02469853694306713,52.65860632340034
2021-11-10,0.023796386374644842,52.592917459387515
2021-11-11,0.024196276451815702,51.36664751601483
2021-11-12,0.023441859863999107,51.13786547654547
2021-11-15,0.0224799999521276,51.25738110668937
2021-11-16,0.02161895859099224,52.28629016906572
2021-11-17,0.0211132262642586,52.48324390734964
2021-11-18,0.020817361905188157,52.08350131162807
2021-11-19,0.020735975507563984,51.915944099943694
2021-11-22,0.019588933088341504,52.48919043648957
2021-11-23,0.019627445231633157,52.11106210846243
2021-11-24,0.019657545725504322,52.4661545541387
2021-11-25,0.020070754954580165,51.63104289041402
2021-11-26,0.019881291814092383,51.98736420755276
2021-11-29,0.02061309017979414,51.134622852967176
2021-11-30,0.0204827392129982,51.15385261708787
2021-12-01,0.01983043918039349,50.984644182828546
2021-12-02,0.019281964301360296,50.79523708260853
2021-12-03,0.019014127702619746,50.374404211824164
2021-12-06,0.018848200404184397,50.43783711841687
2021-12-07,0.018681854192452156,50.644335845198235
2021-12-08,0.018584834188828885,50.68655403429201
2021-12-09,0.01844441520322503,52.530883759769864
2021-12-10,0.018366358863741918,52.79055016909856
2021-12-13,0.018747118579426056,51.486193089910145
2021-12-14,0.018734297284600007,51.34324061706534
2021-12-15,0.018948555085944712,50.99067669629083
2021-12-16,0.019456793827542482,49.63522777127781
2021-12-17,0.020554549530257555,47.797195627009714
2021-12-20,0.019365518053298555,49.129503974798105
2021-12-21,0.01890346212098434,49.1582674008506
2021-12-22,0.01860492785052673,49.38331775209335
2021-12-23,0.018338478843693537,51.350196615484194
2021-12-24,0.01816359852211457,52.1659190211689
2021-12-27,0.018211825343932623,52.04849445517853
2021-12-28,0.018465387119280682,51.49082482150494
2021-12-29,0.019820636965089816,48.82440967916492
2021-12-30,0.019811293039451817,49.851721435710786
2021-12-31,0.020634924827035144,48.09336389640337
2022-01-03,0.02045682849334346,48.77170809787984
2022-01-04,0.021157943167732066,47.72580277909276
2022-01-05,0.021191717284995384,48.902123137895416
2022-01-06,0.021188087723872442,50.08468347619561
2022-01-07,0.0211134449643915,51.56191305966624
2022-01-10,0.02182821608087289,50.72099558774902
2022-01-11,0.022958697312099922,49.12484182750905
2022-01-12,0.02248617889956318,51.10031627557609
2022-01-13,0.02214355641088195,52.22139799935088
2022-01-14,0.021715319852126352,52.9325743268298
2022-01-17,0.02287561524387576,51.57314233245409
2022-01-18,0.0223311846294151,52.06078997879356
2022-01-19,0.021780902353033905,52.54931090536666
2022-01-20,0.02307189960292884,50.9698113100498
2022-01-21,0.022529872618156407,52.83961150111591
2022-01-24,0.024350849177661015,50.57982731827274
2022-01-25,0.025279149077733903,49.464904958397824
2022-01-26,0.02446731063219409,50.1559982619771
2022-01-27,0.023978734707599203,50.24100951804069
2022-01-28,0.025250384808471568,48.726384573603106
2022-01-31,0.025308651243515647,48.05527164519232
2022-02-01,0.02541818692602625,47.91985364089114
2022-02-02,0.026485670730009955,46.79808594736214
2022-02-03,0.026871785471125145,45.910083911919514
2022-02-04,0.027992757016736,44.704195919428734
2022-02-07,0.027806289395878533,45.5135192617663
2022-02-08,0.027932509702175888,44.77300025231853
2022-02-09,0.02777784371499819,44.97203175622375
2022-02-10,0.02770512844852401,44.910524160238516
2022-02-11,0.028973211024928502,43.756699826702
2022-02-14,0.028628221494491582,44.81115875323908
2022-02-15,0.028362594174804953,45.73665389182061
2022-02-16,0.02839423401455907,45.55378927736281
2022-02-17,0.02824013954527343,45.358463061796975
2022-02-18,0.028254468099704427,45.272491081032385
2022-02-21,0.02777850117504537,45.264747537548836
2022-02-22,0.029414489664632882,43.82490752248049
2022-02-23,0.029098566598350636,45.37156205082969
2022-02-24,0.028932817262327284,45.71110743952543
2022-02-25,0.02967901505642352,44.88721783008153
2022-02-28,0.029225901143000155,46.350520320650496
2022-03-01,0.02905754285875463,46.82763877392715
2022-03-02,0.028785368828427096,48.16880146624702
2022-03-03,0.02800297873617811,48.84155487850383
2022-03-04,0.027776766060484417,49.64777755590415
2022-03-07,0.028404172866902385,48.33349582957686
2022-03-08,0.028184390180686747,48.86837751615539
2022-03-09,0.028336747484166706,48.50466909457047
2022-03-10,0.02743380847912146,49.288668848743825
2022-03-11,0.02786811523262129,48.064824405032574
2022-03-14,0.02736639307534389,48.60094368420589
2022-03-15,0.027650976655454743,48.29348596584719
2022-03-16,0.029825901556368703,46.23637402733452
2022-03-17,0.028911384364911648,46.75781290568855
2022-03-18,0.02840435586384954,47.4335908796605
2022-03-21,0.028339436496545214,47.614039092163424
2022-03-22,0.028148351959919743,47.79479890545239
2022-03-23,0.02671059585964781,48.26188034245153
2022-03-24,0.026173646470474345,48.3845668171431
2022-03-25,0.026192913793642282,47.71242790930405
2022-03-28,0.027298593935969232,46.37397604243094
2022-03-29,0.02682050760472873,47.335200324691314
2022-03-30,0.02599468368523225,48.37745203895612
2022-03-31,0.025362098919708045,48.70914833589923
2022-04-01,0.02498760045214587,48.396697663749926
2022-04-04,0.024475056938891415,49.24214065608788
2022-04-05,0.023792867601918063,49.21190575413104
2022-04-06,0.02304819500451715,49.50288237163622
2022-04-07,0.024428477499419263,47.45265529408425
2022-04-08,0.02494119012966438,46.707612006305766
2022-04-11,0.024511679885756088,46.46407646878295
2022-04-12,0.024799953961209133,45.91422031393142
2022-04-13,0.02547769916833835,44.93820170367063
2022-04-14,0.025194131233251114,44.40816040989699
2022-04-15,0.02434483943979639,44.23589746514991
2022-04-18,0.023756697916222907,43.59963149670215
2022-04-19,0.023138528740955767,44.26769194955397
2022-04-20,0.022635466229820555,45.52345124771397
2022-04-21,0.022638181975611276,45.86123764979995
2022-04-22,0.021996708498336643,46.04985170420521
2022-04-25,0.022448697894756117,45.15387753241144
2022-04-26,0.022630100927111638,44.83282614950115
2022-04-27,0.022038990540572904,45.045572374845484
2022-04-28,0.022016153818348094,44.46643536643352
2022-04-29,0.022696401154995157,43.2151440724345
2022-05-02,0.0222699698274932,43.62845914862267
2022-05-03,0.02188971116809301,44.26336534028003
2022-05-04,0.022584230622587655,43.3838038609438
2022-05-05,0.022757586801059465,43.108197558578716
2022-05-06,0.022123600654705398,43.706662436527715
2022-05-09,0.021904730122880696,43.30967566950343
2022-05-10,0.021404729316705885,43.97819401781604
2022-05-11,0.021313728043312528,43.905773526096894
2022-05-12,0.02122123083869406,44.212112859786494
2022-05-13,0.02101186562615643,45.40575435465543
2022-05-16,0.0211383694803461,47.24674923201427
2022-05-17,0.0204163197540097,48.932297594630285
2022-05-18,0.01969458567068369,49.306775776210905
2022-05-19,0.019708103391024766,50.424518615137835
2022-05-20,0.019517890591389243,52.410394928623404
2022-05-23,0.0191403055300576,52.42756420818583
2022-05-24,0.01949470183354206,51.66475968194885
2022-05-25,0.019237581504814066,51.26931336046297
2022-05-26,0.01912853863048498,52.8783089069122
2022-05-27,0.019470651741332345,51.85748133379002
2022-05-30,0.018996727103201334,52.27371366303458
2022-05-31,0.019576855996386734,51.445242837577084
2022-06-01,0.020451610165736853,50.29738080119336
2022-06-02,0.021059113634757782,49.41158749811514
2022-06-03,0.020704633764494714,49.67659690058046
2022-06-06,0.02060563554093235,49.51025879281578
2022-06-07,0.020635532927338822,49.32126879649708
2022-06-08,0.020949828275233815,47.62965005815448
2022-06-09,0.020718910021109285,47.58510280866273
2022-06-10,0.02112278819525399,46.63346279745864
2022-06-13,0.02146130608876004,46.2220429635146
2022-06-14,0.021261502818029663,47.05051146322008
2022-06-15,0.02116038338162155,47.60394575159496
2022-06-16,0.02206518989001593,46.50841559235489
2022-06-17,0.021913929721415794,46.44739678429393
2022-06-20,0.022380406764360462,45.359728296061284
2022-06-21,0.021916605721615818,45.81066453000019
2022-06-22,0.0226091083280001,44.739281198629605
2022-06-23,0.02236899337161843,45.86840376470019
2022-06-24,0.02257779949681124,45.39947974026358
2022-06-27,0.02220895958568275,47.14203579460595
2022-06-28,0.02384400242446898,45.179347188711176
2022-06-29,0.024103453988114382,44.660808616604946
2022-06-30,0.023226901181460344,45.01396972039184
2022-07-01,0.02273164504249901,46.12397743935909
2022-07-04,0.022498394088454,46.5082460814271
2022-07-05,0.022149270766713445,46.902270739596794
2022-07-06,0.021763092770570158,47.19417621882764
2022-07-07,0.023320516430057222,45.23842405390608
2022-07-08,0.023772540411844064,44.65829016372823
2022-07-11,0.023977728294665115,44.12965642671718
2022-07-12,0.02350265233585667,45.176996428985376
2022-07-13,0.023079918709441833,45.318180994180075
2022-07-14,0.02345748642246131,44.74188534333764
2022-07-15,0.023587517062221335,44.498089029835896
2022-07-18,0.02317535622510256,44.733197950910075
2022-07-19,0.023340622893667545,44.34400762515172
2022-07-20,0.023211105940099043,45.02609222450645
2022-07-21,0.02301210637955413,45.127912013764025
2022-07-22,0.02247701541174412,45.59760717902364
2022-07-25,0.02240554629303083,46.40391385490771
2022-07-26,0.02289311322732857,45.524386106920694
2022-07-27,0.022636770965332204,46.335673271369885
2022-07-28,0.02264018047050126,46.248939405141314
2022-07-29,0.022197030344435157,46.85524431173206
2022-08-01,0.023018575548475848,45.84279534642978
2022-08-02,0.02283726525487224,45.68519133844064
2022-08-03,0.022890529584765878,46.48943217488798
2022-08-04,0.023700060812803733,45.62108719985011
2022-08-05,0.02349247389766415,45.388273674602054
2022-08-08,0.02298401361543874,44.92170245707697
2022-08-09,0.022206096711842194,45.14120258874899
2022-08-10,0.02312413520655661,43.91939722206194
2022-08-11,0.022771809520104214,43.68898196034102
2022-08-12,0.021761386589045115,43.93278402634021
2022-08-15,0.021588666223034486,44.35604673175084
2022-08-16,0.021036712036336135,45.7145784573419
2022-08-17,0.022399222208846103,44.13346596043915
2022-08-18,0.02296585910108112,42.462742801934276
2022-08-19,0.023820420630863315,41.18415452719101
2022-08-22,0.023611645410344502,42.08830408691902
2022-08-23,0.022997069900090174,43.071961145524796
2022-08-24,0.023556145925366045,41.77605843127757
2022-08-25,0.022933468385774886,42.193356642586295
2022-08-26,0.022719950281320168,42.366707111596604
2022-08-29,0.02370011256854412,41.40725204840892
2022-08-30,0.02387667503710322,41.135993802045476
2022-08-31,0.023103555674915805,41.29628520365182
2022-09-01,0.023072718214907854,42.265983152384415
2022-09-02,0.023049181417994394,41.885405982396435
2022-09-05,0.023207699542349497,41.43258555617075
2022-09-06,0.023948686705868506,40.45074951994541
2022-09-07,0.02367628414182714,41.882651906910816
2022-09-08,0.023108458758790404,43.043144546142535
2022-09-09,0.023738848843021455,42.42501658583776
2022-09-12,0.023212916195262896,42.566612292951284
2022-09-13,0.023207518193381783,42.42116579504155
2022-09-14,0.022553248847601227,43.00483284975067
2022-09-15,0.02214122289042784,42.93649067508998
2022-09-16,0.021879542303715194,44.10579706302104
2022-09-19,0.021118343732300714,45.57406219382757
2022-09-20,0.020342530209508474,45.9919779124255
2022-09-21,0.02110120964461547,44.93712076803462
2022-09-22,0.0216007776815481,44.19523502548619
2022-09-23,0.0215632154086012,43.78107132743643
2022-09-26,0.021799911433367274,43.467019126817824
2022-09-27,0.023347307852491016,41.82017888104416
2022-09-28,0.02378295340696827,41.266755054000235
2022-09-29,0.022830309460611688,41.3132425754037
2022-09-30,0.022684591599752436,41.12588731869389
2022-10-03,0.02237109884302128,41.49376903288603
2022-10-04,0.023514722369764072,39.858531943495635
2022-10-05,0.02600315977225033,37.55312384709474
2022-10-06,0.025687073214327807,37.753783219100924
2022-10-07,0.025953554282742222,37.4184614330667
2022-10-10,0.025592750834886116,38.60297735289835
2022-10-11,0.02630923016041019,37.84078702841787
2022-10-12,0.02591137164118608,38.24304767563436
2022-10-13,0.026490192378664557,37.6577767401105
2022-10-14,0.026218374462743686,38.124901653347905
2022-10-17,0.02539928502238652,39.87609416134839
2022-10-18,0.02489504562197995,40.800905547210796
2022-10-19,0.024362677163465095,40.99453836708763
2022-10-20,0.024236741226031613,41.55079139634293
2022-10-21,0.023925142273460313,42.311502112161136
2022-10-24,0.02339031101510814,43.69784963682064
2022-10-25,0.0238554089153277,43.068335390465414
2022-10-26,0.0240143761312024,42.38508346111513
2022-10-27,0.02433020040450687,41.67992200858647
2022-10-28,0.02448094079126335,41.42837108698026
2022-10-31,0.025066584644299065,40.553526170693374
2022-11-01,0.02493550769425824,40.74340637760002
2022-11-02,0.024398744688736988,40.76581469855153
2022-11-03,0.024190910787641684,41.29037455578126
2022-11-04,0.024057766565523858,41.49186860447938
2022-11-07,0.02396861772318112,42.485378144829774
2022-11-08,0.024274802979145204,41.7494733291834
2022-11-09,0.02332442981396691,42.734787706954904
2022-11-10,0.022635446789234754,42.945423990562404
2022-11-11,0.02244341154893749,42.6340227217777
2022-11-14,0.022022603686669216,43.64461849573188
2022-11-15,0.021608845313117846,43.74424898132469
2022-11-16,0.021296829973148253,43.46855514433496
2022-11-17,0.021202597330417648,43.45419980664009
2022-11-18,0.02106177725939015,44.57702624724687
2022-11-21,0.020457687042125857,45.66555801638416
2022-11-22,0.02042040333884855,45.87710369143183
2022-11-23,0.020463907700855044,45.89075749872325
2022-11-24,0.02014036155730415,47.81913031159756
2022-11-25,0.02006686339382871,50.27673361716244
2022-11-28,0.019941734509857454,50.489033619633396
2022-11-29,0.01948889938476648,52.49432097819939
2022-11-30,0.018808421583607175,54.179219626978245
2022-12-01,0.018433640880810377,54.844257645801
2022-12-02,0.01893415459813325,53.73490177779585
2022-12-05,0.020595632565657256,51.326234875732105
2022-12-06,0.02049884478922495,51.78131040927579
2022-12-07,0.021481803208695742,50.501591181093524
2022-12-08,0.022521477609499164,49.35183922799576
2022-12-09,0.02204058901868529,50.92959509992429
2022-12-12,0.021322599468848073,51.352801075650746
2022-12-13,0.022600906678890954,49.522856320663
2022-12-14,0.02212083768915953,50.03885036569919
2022-12-15,0.021789286313115924,51.050507797277476
2022-12-16,0.022357586455120673,50.23245685348142
2022-12-19,0.022821373782734005,49.473206268601416
2022-12-20,0.022155073045528894,49.98831064745264
2022-12-21,0.02197360691057322,51.09821151804414
2022-12-22,0.021945041641862444,51.55909223488625
2022-12-23,0.022038259202906883,52.9967273843923
2022-12-26,0.02253509762675753,52.29724051868171
2022-12-27,0.02206944613799556,52.45062264242043
2022-12-28,0.021781331506069913,51.829235465480856
2022-12-29,0.0216763247441023,53.02800869435307
2022-12-30,0.02154698257718446,53.538716473599116
2023-01-02,0.02233617380337878,52.11560960270884
2023-01-03,0.022120265523042863,52.28292280422581
2023-01-04,0.022368228941158287,51.67904504389122
2023-01-05,0.022564122012107078,51.20086340583623
2023-01-06,0.024334186585028023,48.78271538344806
2023-01-09,0.023674052810047676,50.45178952841207
2023-01-10,0.0230727533451154,52.58960651791562
2023-01-11,0.02330783633214992,52.127293686424316
2023-01-12,0.0247739005301343,50.43565362503831
2023-01-13,0.02432573146948802,51.43711964858882
2023-01-16,0.024719861657137174,50.30702634469533
2023-01-17,0.02554492186992266,49.30531462712142
2023-01-18,0.02611487590145689,48.41690708446087
2023-01-19,0.02571746348273712,48.9119207555853
2023-01-20,0.02659061777859161,48.048633607483154
2023-01-23,0.026275621128384753,48.10650598507495
2023-01-24,0.026758860621915796,47.54613892305275
2023-01-25,0.026793067959697197,47.973835522509795
2023-01-26,0.026797704593229384,47.748178273966275
2023-01-27,0.027502965849443253,46.84032802361805
2023-01-30,0.02678296316651838,48.13602375511375
2023-01-31,0.0261713127814506,49.59207270370417
2023-02-01,0.026918190767211914,48.221413184988045
2023-02-02,0.026800902227346993,48.55496195819674
2023-02-03,0.026591511612377744,49.20748928773325
2023-02-06,0.026543106403415683,48.699220651661065
2023-02-07,0.02653260883346702,48.71213907125316
2023-02-08,0.026333849946307115,49.35079704366396
2023-02-09,0.026157100166779374,50.20712793175099
2023-02-10,0.02576425594281656,50.4522137136639
2023-02-13,0.025374254561504692,52.04024564455309
2023-02-14,0.02598748838587284,51.189954952814354
2023-02-15,0.027264503082515056,49.61231122819734
2023-02-16,0.02626592864259037,49.69789618590091
2023-02-17,0.02518441355778635,51.041648217054686
2023-02-20,0.02499115917477809,53.40859108760195
2023-02-21,0.024172570662559165,54.118388448373075
2023-02-22,0.02437392376807483,53.242822750100586
2023-02-23,0.025195426678815823,52.052671287600816
2023-02-24,0.026070107828949356,50.66330615063795
2023-02-27,0.025185817840716423,51.696205961234185
2023-02-28,0.02598299826620619,50.69246848841733
2023-03-01,0.025322139443362698,50.73018767400629
2023-03-02,0.025458269440544423,49.898899436737764
2023-03-03,0.024828718494357943,50.023055482191126
2023-03-06,0.025008009418727634,49.698783747012335
2023-03-07,0.024380454168302812,49.69080723689758
2023-03-08,0.024189750381233166,49.96277610382378
2023-03-09,0.02431820201161382,49.4132036421828
2023-03-10,0.023932154876013287,49.43512182421867
2023-03-13,0.023665276975310026,50.42862949354207
2023-03-14,0.023411583104703877,51.64671807720419
2023-03-15,0.022773509473947007,52.505983087201976
2023-03-16,0.023487522412446473,51.32142782876637
2023-03-17,0.022938299742217706,51.12771291514402
2023-03-20,0.022600956832757216,51.32577627262935
2023-03-21,0.02331037205241429,50.458172848779036
2023-03-22,0.022904190841708156,51.70266788721697
2023-03-23,0.022563020117890444,51.48971260020651
2023-03-24,0.02227881637609701,52.602067481675185
2023-03-27,0.021655389914087032,53.66623322270728
2023-03-28,0.021532899319841693,54.13749451451951
2023-03-29,0.023763702311904295,51.20618983754936
2023-03-30,0.02376267657826001,51.03572538478593
2023-03-31,0.02279753003854105,52.479304909212644
2023-04-03,0.02310496455381143,51.23586285288717
2023-04-04,0.022520925302298843,52.169983478220864
2023-04-05,0.02276785063857221,51.70791561841092
2023-04-06,0.021857953463818976,52.218602381678735
2023-04-07,0.02154708102002701,52.570220039330394
2023-04-10,0.022231669663799455,51.289086317222875
2023-04-11,0.021653546038147627,52.589616123499006
2023-04-12,0.021454767696267273,53.802769712742396
2023-04-13,0.02126853601902042,54.11736361279554
2023-04-14,0.020925976111461478,54.40231743593833
2023-04-17,0.021707846699912773,53.357394686524685
2023-04-18,0.021858649284797072,52.81273427930813
2023-04-19,0.022234751194631266,52.002583246482395
2023-04-20,0.022790183143871597,51.33278294535691
2023-04-21,0.02454908747448235,49.21726860516024
2023-04-24,0.02486816669351042,48.192242208202146
2023-04-25,0.024275731356287474,48.51162021798561
2023-04-26,0.023817145287504827,48.99673767324316
2023-04-27,0.023615011948799277,49.585840933642565
2023-04-28,0.02339914148701872,51.15757963383168
2023-05-01,0.02330125939437173,51.00478708008735
2023-05-02,0.023134617077980337,51.97157629909094
2023-05-03,0.023015885568252122,52.023250336819096
2023-05-04,0.022640539960301232,52.20887498954962
2023-05-05,0.02280222303714453,51.8248085561194
2023-05-08,0.02195908721742915,52.25854998747199
2023-05-09,0.02216732303868848,51.573842578462184
2023-05-10,0.021708738530321157,51.87708830929653
2023-05-11,0.021650399505329,52.967635647179286
2023-05-12,0.02134565469496891,52.51413218105668
2023-05-15,0.02035691349792882,53.55799713408514
2023-05-16,0.020607111844772714,53.05199251400839
2023-05-17,0.020062754331774204,54.443082668788776
2023-05-18,0.019519982503826958,54.61491526476204
2023-05-19,0.019368779128465335,54.137636206322874
2023-05-22,0.01986369686911811,53.004759034626375
2023-05-23,0.0194821112007285,53.35938702594614
2023-05-24,0.01980291983893923,52.87355664529028
2023-05-25,0.02016705514965579,52.1075547924
2023-05-26,0.02031117779978453,51.872728722833685
2023-05-29,0.021705608475749,49.97543845391457
2023-05-30,0.021720107735106756,50.68840886442897
2023-05-31,0.022260204367795574,49.89266115766978
2023-06-01,0.022010473892941917,50.06693399729
2023-06-02,0.022450092739396618,49.52509086571463
2023-06-05,0.022502833495959645,48.805012459032184
2023-06-06,0.023207560832149362,47.4382113040755
2023-06-07,0.02369261948060234,46.61358483150947
2023-06-08,0.023513325326782474,46.304605280446204
2023-06-09,0.023433229575349733,47.0155498122482
2023-06-12,0.023372939775178857,47.661102622289974
2023-06-13,0.02441468099415461,45.901980892120136
2023-06-14,0.024201795038876858,45.59495233997041
2023-06-15,0.024002119611350074,46.67061338297981
2023-06-16,0.023481501356223206,47.186444913868755
2023-06-19,0.02303940955028789,47.49738421344053
2023-06-20,0.02298036237340929,47.423341294865786
2023-06-21,0.021731145424377096,47.99588583562406
2023-06-22,0.022138778576894225,47.42643720110436
2023-06-23,0.02261867642854424,46.34969387248539
2023-06-26,0.02200992362288083,46.69330171836422
2023-06-27,0.021473508906002466,47.749734298969685
2023-06-28,0.021258646811680954,47.99601025113787
2023-06-29,0.02121005110259992,47.8886136931188
2023-06-30,0.02293819276059397,46.010912862600776
2023-07-03,0.02212450252305011,47.113543384186826
2023-07-04,0.02156983838898826,48.676184808004514
2023-07-05,0.020811347891036756,51.01825517682607
2023-07-06,0.021043481963240303,50.53534306357187
2023-07-07,0.020791800483039306,50.66998133728544
2023-07-10,0.02047480107648502,50.605055516953314
2023-07-11,0.02041857841945375,50.5583957188568
2023-07-12,0.020624872786802327,49.88734114867718
2023-07-13,0.020301249499152223,50.182207602552126
2023-07-14,0.020110401715325365,49.0419135490299
2023-07-17,0.019808512272942117,49.91351439254876
2023-07-18,0.019763962235485943,50.85931047389673
2023-07-19,0.01946574221165218,52.26815778556469
2023-07-20,0.020177165625201002,51.21788631562547
2023-07-21,0.019449484713717418,51.570196632849644
2023-07-24,0.020274267293438952,50.56282785316434
2023-07-25,0.020696530820068972,49.653423730976776
2023-07-26,0.020945342865655726,49.225467114405795
2023-07-27,0.02114176018971773,48.95469018563432
2023-07-28,0.021109684587021917,50.25313256541802
2023-07-31,0.021127471384687235,50.061040461428675
2023-08-01,0.02176550359411907,48.976097142435535
2023-08-02,0.021687629109083558,49.98763614379252
2023-08-03,0.021345292227026955,49.870495761449455
2023-08-04,0.021179099370342496,51.09447600496896
2023-08-07,0.020699648744858024,52.280920541787204
2023-08-08,0.021095322914762325,51.417650215502206
2023-08-09,0.020976323499776472,50.96538599660717
2023-08-10,0.020906669743252473,52.69754505794859
2023-08-11,0.020868221848979015,52.4571797518687
2023-08-14,0.02030191694566138,52.634535459842894
2023-08-15,0.020173137654472647,53.30182167645906
2023-08-16,0.02210034869703156,50.80480805353369
2023-08-17,0.02177945152308916,50.75867349859842
2023-08-18,0.021881923805222418,50.520300717952196
2023-08-21,0.02114036191629197,50.54841894676019
2023-08-22,0.021575985055166575,49.60188019613251
2023-08-23,0.022537291451629728,48.08624195224151
2023-08-24,0.023548758779652547,46.82235746640029
2023-08-25,0.023231197339346088,47.09706295907256
2023-08-28,0.02307539778651347,47.01904119962412
2023-08-29,0.022371083873709893,47.405348559468955
2023-08-30,0.02207866767684666,48.266461623169135
2023-08-31,0.02496086764916508,45.37758614364746
2023-09-01,0.02604939050662365,43.89658528755969
2023-09-04,0.025633394219376916,44.006796722961596
2023-09-05,0.02642635616031737,42.519482642064105
2023-09-06,0.0262618965125057,43.21071658186386
2023-09-07,0.026065301656224726,42.94673146858312
2023-09-08,0.025842896981856857,43.23830421909967
2023-09-11,0.025310221932817227,45.42316997332112
2023-09-12,0.02519901943985688,45.68806109911191
2023-09-13,0.02523366552982363,45.33962899003453
2023-09-14,0.024876438686219002,46.671050296813235
2023-09-15,0.024998578864330167,45.97611213999698
2023-09-18,0.024833127703282852,46.14097766477282
2023-09-19,0.024274951628817043,47.13025525212848
2023-09-20,0.024304322425032502,47.057951762181766
2023-09-21,0.02499946390081785,46.365860086003586
2023-09-22,0.023997139040114523,46.649523689462356
2023-09-25,0.02505637442861633,45.195504909407845
2023-09-26,0.024850027215796697,44.66812978865817
2023-09-27,0.02383419602300404,44.940296007302734
2023-09-28,0.024200830761432375,44.25352492961034
2023-09-29,0.024813621241766594,43.537251927713136
2023-10-02,0.026257544099085924,42.2580781253752
2023-10-03,0.026705303177095237,41.7919622309053
2023-10-04,0.027367362106139964,40.98148670799823
2023-10-05,0.02781315260787435,40.51407908158488
2023-10-06,0.02785682953389853,40.01573566842515
2023-10-09,0.02729073112992041,41.254569520178855
2023-10-10,0.027918690974891972,40.33665856707514
2023-10-11,0.029139310422209175,38.96022993267295
2023-10-12,0.029098135435297982,38.5078744414987
2023-10-13,0.0287596977608119,39.354216653508374
2023-10-16,0.029735723619049814,38.05861018618882
2023-10-17,0.02921912270936349,38.19958083833584
2023-10-18,0.02900112079208048,38.17484989296304
2023-10-19,0.029899340798242285,37.30543082588115
2023-10-20,0.028870389843117315,37.61820915681961
2023-10-23,0.029208752892828198,37.32093032212543
2023-10-24,0.029168097778601087,36.88679157072999
2023-10-25,0.02854408970293982,36.80565558294788
2023-10-26,0.028258607041569267,37.54872303158971
2023-10-27,0.027570990099024934,37.6191477101934
2023-10-30,0.026928905084470996,37.74865382238477
2023-10-31,0.02693766943459064,37.45327630712481
